On,Off
GAGTCCGAGCAGAAGAAGAANGG,GAGTCCGAGCAGAAGAAGAAGGG
GAGTCCGAGCAGAAGAAGAANGG,GAGGGTGAGCCAAAGCAGAATGG
GAGTCCGAGCAGAAGAAGAANGG,GGGTCTGTGCAGAAGACAATAGG
GAGTCCGAGCAGAAGAAGAANGG,GGGTCTGTGCAGAAGACAATAGG
GAGTCCGAGCAGAAGAAGAANGG,GAGTCATATCAGAAAAATGATGG
GAGTCCGAGCAGAAGAAGAANGG,GAGACCTAGTAGTACAAGAGAGG
GAGTCCGAGCAGAAGAAGAANGG,GGGTCTGTGCAGAAGACAATAGG
GAGTCCGAGCAGAAGAAGAANGG,GAGGGTGAGCCAAAGCAGAATGG
GAGTCCGAGCAGAAGAAGAANGG,GGGTCGGAGGAGCAGGAGTATGG
GAGTCCGAGCAGAAGAAGAANGG,GGGTCTGTGCAGAAGACAATAGG
GAGTCCGAGCAGAAGAAGAANGG,GAGGCCAGGCAGACGGAGGAGGG
GAGTCCGAGCAGAAGAAGAANGG,GACACCGAGTTGTAGAAGGAAGG
GAGTCCGAGCAGAAGAAGAANGG,GAGTCCCAAGAGTCGACGAAGGG
GAGTCCGAGCAGAAGAAGAANGG,GGCTCCGAAGAGAAGCCGAAAGG
GAGTCCGAGCAGAAGAAGAANGG,GGCTCCGAAGAGAAGCCGAAAGG
GAGTCCGAGCAGAAGAAGAANGG,AAGCCTGGGCAGGAGGAGAAGGG
GAGTCCGAGCAGAAGAAGAANGG,GAGTCCAAGCAGCTTCTGAAGGG
GAGTCCGAGCAGAAGAAGAANGG,GAGTACGTGAGGCAGAAGAACGG
GAGTCCGAGCAGAAGAAGAANGG,CGGTGCGAGCAGATGGAGGATGG
GAGTCCGAGCAGAAGAAGAANGG,GTGTCCTAGCAGGTGGAGGAGGG
GAGTCCGAGCAGAAGAAGAANGG,GAGAGCGAGCAGGAGGGGAGGGG
GAGTCCGAGCAGAAGAAGAANGG,GGGTCAGAGGAGAACAGGAGTGG
GAGTCCGAGCAGAAGAAGAANGG,GAACCCGAGCAGCAGGAGAGTGG
GAGTCCGAGCAGAAGAAGAANGG,GTGTCCGTGCAAATGACCAAGGG
GAGTCCGAGCAGAAGAAGAANGG,GACTCCAGGCAGGAGAACACAGG
GAGTCCGAGCAGAAGAAGAANGG,AAATCCCTGCAGAAGCGGAAAGG
GAGTCCGAGCAGAAGAAGAANGG,GGGTGCGTGCAGAAGGGGAGAGG
GAGTCCGAGCAGAAGAAGAANGG,TGCTCTGTGCAGAAGAGGAAGGG
GAGTCCGAGCAGAAGAAGAANGG,AAGACGGAGAAGAGGAAGCAGGG
GAGTCCGAGCAGAAGAAGAANGG,GAGTCCAGGGCGAAGCTGAAGGG
GAGTCCGAGCAGAAGAAGAANGG,GAGACGCAGCAGAAGAGACAGGG
GAGTCCGAGCAGAAGAAGAANGG,AAGTCCCAGAGAAAAAAGAATGG
GAGTCCGAGCAGAAGAAGAANGG,GGCTCGGAGCAGGTGGAGAAAGG
GAGTCCGAGCAGAAGAAGAANGG,CAGTCATGGCGGAAGATGAAGGG
GAGTCCGAGCAGAAGAAGAANGG,CAGGCCGGGCTGAGGACGAAAGG
GAGTCCGAGCAGAAGAAGAANGG,CAGCAAGAGCCGCAGAAGAACGG
GAGTCCGAGCAGAAGAAGAANGG,GAGCAACCGCAGCAGAAGAATGG
GAGTCCGAGCAGAAGAAGAANGG,TAATACAATCAGAAAAAGAAAGG
GAGTCCGAGCAGAAGAAGAANGG,CAGCCTGAACAGAAGAAGACAGG
GAGTCCGAGCAGAAGAAGAANGG,GAGTCCAAGCTGAGGATGCAGGG
GAGTCCGAGCAGAAGAAGAANGG,TAATCATAGCAGAAGGTGAAAGG
GAGTCCGAGCAGAAGAAGAANGG,GAGTGTGAGCCGAAGCAGGGTGG
GAGTCCGAGCAGAAGAAGAANGG,GAGTCTGAGCAGAATAGGAGGGG
GAGTCCGAGCAGAAGAAGAANGG,GAGGCCTAGGAGGAAAAAAATGG
GAGTCCGAGCAGAAGAAGAANGG,GAGTCCAAGCAAAAGTCCCAGGG
GAGTCCGAGCAGAAGAAGAANGG,GTGTCCTTAGAGAAGGAGAAGGG
GAGTCCGAGCAGAAGAAGAANGG,GTGTCAGAGCAGTGGGTGAAAGG
GAGTCCGAGCAGAAGAAGAANGG,GGGTCCGGGGGGAGGAAGGAGGG
GAGTCCGAGCAGAAGAAGAANGG,GAGGGCAGGCAGAACAAGACCGG
GAGTCCGAGCAGAAGAAGAANGG,TAGTGTCAGCAGGAGAAGCAAGG
GAGTCCGAGCAGAAGAAGAANGG,GGGCCCGAGGGGAAGAAGTCGGG
GAGTCCGAGCAGAAGAAGAANGG,GAGTCCTAGAAAAAATAGCATGG
GAGTCCGAGCAGAAGAAGAANGG,GCCTCCCCGCGGAAGAAGCATGG
GAGTCCGAGCAGAAGAAGAANGG,CTGTCCGAGCAGGACAAAGACGG
GAGTCCGAGCAGAAGAAGAANGG,GAGTTTGGGGAGATGGAGAAAGG
GAGTCCGAGCAGAAGAAGAANGG,GAAACCCTGGAGAAGAAGAGTGG
GAGTCCGAGCAGAAGAAGAANGG,GAGTCCGAGCAGCTGCTTCAGGG
GAGTCCGAGCAGAAGAAGAANGG,CAATCATGGCAGAAGGAGAAGGG
GAGTCCGAGCAGAAGAAGAANGG,GAGTAGGAGGAGGAGGAGGAGGG
GAGTCCGAGCAGAAGAAGAANGG,GAGTCCTTGCTAATGAAGATAGG
GAGTCCGAGCAGAAGAAGAANGG,GAGTGCAACCAGCAGACCAAAGG
GAGTCCGAGCAGAAGAAGAANGG,AAGTCATGGCTGAAGAAGTATGG
GAGTCCGAGCAGAAGAAGAANGG,CAATCATAGCAGAAGATGAAGGG
GAGTCCGAGCAGAAGAAGAANGG,GAGCCAGAGGAGATCATGAAAGG
GAGTCCGAGCAGAAGAAGAANGG,GAGTGAGAGAAAAGGAAAAATGG
GAGTCCGAGCAGAAGAAGAANGG,GAGACAGAGCGGACCAAGAGGGG
GAGTCCGAGCAGAAGAAGAANGG,TATTAAGGGAAGAAGAAGAAAGG
GAGTCCGAGCAGAAGAAGAANGG,GAGACGGAGCTGGTGAGGAAGGG
GAGTCCGAGCAGAAGAAGAANGG,CAGAGCAAGCAGGAGAGGAAGGG
GAGTCCGAGCAGAAGAAGAANGG,GCATCTGAGCAGGAGCCGAAAGG
GAGTCCGAGCAGAAGAAGAANGG,GGGTAGGAGGAAAAAAAGAAAGG
GAGTCCGAGCAGAAGAAGAANGG,GAGGGGAAGCAGGAGAAGGAGGG
GAGTCCGAGCAGAAGAAGAANGG,GAGGGGAAGCAGGAGAAGGAGGG
GAGTCCGAGCAGAAGAAGAANGG,GAGGGGAAGCAGGAGAAGGAGGG
GAGTCCGAGCAGAAGAAGAANGG,GAGGGGAAGCAGGAGAAGGAGGG
GAGTCCGAGCAGAAGAAGAANGG,GAGGGGAAGCAGGAGAAGGAGGG
GAGTCCGAGCAGAAGAAGAANGG,GAGGGGAAGCAGGAGAAGGAGGG
GAGTCCGAGCAGAAGAAGAANGG,GAGGGGAAGCAGGAGAAGGAGGG
GAGTCCGAGCAGAAGAAGAANGG,GAGGGGAAGCAGGAGAAGGAGGG
GAGTCCGAGCAGAAGAAGAANGG,GAGGGGAAGCAGGAGAAGGAGGG
GAGTCCGAGCAGAAGAAGAANGG,GAGGGGAAGCAGGAGAAGGAGGG
GAGTCCGAGCAGAAGAAGAANGG,GAGGGGAAGCAGGAGAAGGAGGG
GAGTCCGAGCAGAAGAAGAANGG,GAGGGGAAGCAGGAGAAGGAGGG
GAGTCCGAGCAGAAGAAGAANGG,GAGGGGAAGCAGGAGAAGGAGGG
GAGTCCGAGCAGAAGAAGAANGG,GAGTCCTTGCAGAGGAGGCATGG
GAGTCCGAGCAGAAGAAGAANGG,AAGTCCCTGGGGAAGTAGAATGG
GAGTCCGAGCAGAAGAAGAANGG,TACTACGAGCCGAAGAGGTAAGG
GAGTCCGAGCAGAAGAAGAANGG,GAGTCCTAGCCAATAAAGAATGG
GAGTCCGAGCAGAAGAAGAANGG,AAGACCGAGCACAAAAATTAAGG
GAGTCCGAGCAGAAGAAGAANGG,AAATCCTAGAAGGAGAAGAGAGG
GAGTCCGAGCAGAAGAAGAANGG,TAGAGCTAACAGCAGAAGAAAGG
GAGTCCGAGCAGAAGAAGAANGG,GAGCTAAAACAGAAGCAGAAGGG
GAGTCCGAGCAGAAGAAGAANGG,GAGTCAGAGTGGAGTGAGAAAGG
GAGTCCGAGCAGAAGAAGAANGG,GAGGGGTAGCAGAGGAAGGAGGG
GAGTCCGAGCAGAAGAAGAANGG,GTGGCTGGGCAGAAGTAGGAAGG
GAGTCCGAGCAGAAGAAGAANGG,GAGGGGGAGCAGGGGAAGGAAGG
GAGTCCGAGCAGAAGAAGAANGG,AAGTCTGTGAAGAACAACAATGG
GAGTCCGAGCAGAAGAAGAANGG,GAGTCAGAGGATTAGAAAGAAGG
GAGTCCGAGCAGAAGAAGAANGG,GAGTCAGTGGTGGAGAGGAAGGG
GAGTCCGAGCAGAAGAAGAANGG,CATGCCGAGGGGAAGAAGAGGGG
GAGTCCGAGCAGAAGAAGAANGG,AGGTCCCAGCGGCAGATGAAAGG
GAGTCCGAGCAGAAGAAGAANGG,GCCTCCTAGAGGGAGAAGAAGGG
GAGTCCGAGCAGAAGAAGAANGG,TAGTGGGGGCAGAAGGAGGAAGG
GAGTCCGAGCAGAAGAAGAANGG,GAGTCTGACCCTATGGAGAAGGG
GAGTCCGAGCAGAAGAAGAANGG,CACTCAGAGCAGAGGAACACAGG
GAGTCCGAGCAGAAGAAGAANGG,CATGCAGAACAGAGGAAGAATGG
GAGTCCGAGCAGAAGAAGAANGG,GAGAAGGAGGAGGAGCAGAAAGG
GAGTCCGAGCAGAAGAAGAANGG,CAGTCCAGGCAGAAGACCAGAGG
GAGTCCGAGCAGAAGAAGAANGG,AGGTCGGAGGAGCAGGAGAAGGG
GAGTCCGAGCAGAAGAAGAANGG,GAGAGCGAGGAGAAGGTGAAGGG
GAGTCCGAGCAGAAGAAGAANGG,AAGTGGGAGGAGAAGATGACAGG
GAGTCCGAGCAGAAGAAGAANGG,GATTCCTAGGAGAGGAAGGGAGG
GAGTCCGAGCAGAAGAAGAANGG,GAGTCAGAGCACTGAGAGAAGGG
GAGTCCGAGCAGAAGAAGAANGG,GAGTCGGAACAGGAGGGGACTGG
GAGTCCGAGCAGAAGAAGAANGG,GAGTCCTGGCTGGCCAAGAAAGG
GAGTCCGAGCAGAAGAAGAANGG,GAGCAAGAGGAGAACCAGAAAGG
GAGTCCGAGCAGAAGAAGAANGG,GAGGGTGAGGAGGAAAAGAAAGG
GAGTCCGAGCAGAAGAAGAANGG,AAGTTGGAGGAGAAGCAAAATGG
GAGTCCGAGCAGAAGAAGAANGG,GAGACAGAGCAGGAGATCAGAGG
GAGTCCGAGCAGAAGAAGAANGG,GAGACGAAGCAGGAGAAGGCTGG
GAGTCCGAGCAGAAGAAGAANGG,GAGTCCCAGGAGAGGAAGAGCGG
GAGTCCGAGCAGAAGAAGAANGG,GAGTCCCAGGAGAGGAAGAGCGG
GAGTCCGAGCAGAAGAAGAANGG,GTGTGAGAGCAGGAGAGGGAGGG
GAGTCCGAGCAGAAGAAGAANGG,CTGGCAGAGCAGAATGAGAATGG
GAGTCCGAGCAGAAGAAGAANGG,GAGTGAGGGCAAGAGAAGAGTGG
GAGTCCGAGCAGAAGAAGAANGG,AAGAAGAAGAAGAAGAAGAAAGG
GAGTCCGAGCAGAAGAAGAANGG,GAGTACGAGAATAAGAGAAAAGG
GAGTCCGAGCAGAAGAAGAANGG,CACTCCCAGCTGAAAAAGAGAGG
GAGTCCGAGCAGAAGAAGAANGG,AGGTCCTAGAAGATAAAGAAGGG
GAGTCCGAGCAGAAGAAGAANGG,GAGTCTTTGGAGAAACAGAAAGG
GAGTCCGAGCAGAAGAAGAANGG,CAATCACGGCAGAAGATGAAAGG
GAGTCCGAGCAGAAGAAGAANGG,GAGAGGGAGCAGGAGATGAGGGG
GAGTCCGAGCAGAAGAAGAANGG,GACTCCGTCAAAAAAAAGAAAGG
GAGTCCGAGCAGAAGAAGAANGG,CAATCCGAGTATCAGAGGAAGGG
GAGTCCGAGCAGAAGAAGAANGG,GAGCCCGGAGAGAGCAAGAAAGG
GAGTCCGAGCAGAAGAAGAANGG,CCGTCCCAGCAGTAGAAGAATGG
GAGTCCGAGCAGAAGAAGAANGG,GTGTCTGAGAATAAAAAGGAGGG
GAGTCCGAGCAGAAGAAGAANGG,GAAAGCAAACAGAAGATGAAAGG
GAGTCCGAGCAGAAGAAGAANGG,GAGACCTAACTAAAGAATAAGGG
GAGTCCGAGCAGAAGAAGAANGG,GTGGCAGAGCAAAAGAGGAATGG
GAGTCCGAGCAGAAGAAGAANGG,GAGCCCGGAGAGATCAAGAATGG
GAGTCCGAGCAGAAGAAGAANGG,GAGTAGGGGTAGGAGGAGAAGGG
GAGTCCGAGCAGAAGAAGAANGG,GAGCCCCAGAAGTATAAAAACGG
GAGTCCGAGCAGAAGAAGAANGG,GAGTCTCAACAGAAGACCAGTGG
GAGTCCGAGCAGAAGAAGAANGG,CAGACCGACCAAGAGCAGAAGGG
GAGTCCGAGCAGAAGAAGAANGG,GAGTCAGTGGGGCAGGAGAAGGG
GAGTCCGAGCAGAAGAAGAANGG,GAGCCTCAGCCCAGGAAGAAGGG
GAGTCCGAGCAGAAGAAGAANGG,CCGTCCCAGCAGTGGAAGAGTGG
GAGTCCGAGCAGAAGAAGAANGG,GGGTCCGATGGGAAGGAGAATGG
GAGTCCGAGCAGAAGAAGAANGG,GGGGATGAGGAGAAGATGAAAGG
GAGTCCGAGCAGAAGAAGAANGG,GACTCCGACCAGAACTTGAGAGG
GAGTCCGAGCAGAAGAAGAANGG,GCAGTCGAGCAGCTGAAGAAGGG
GAGTCCGAGCAGAAGAAGAANGG,GGGTCCTAGAAGCAGAACTAAGG
GAGTCCGAGCAGAAGAAGAANGG,GAACCCGAGGAGGAGCAGATGGG
GAGTCCGAGCAGAAGAAGAANGG,TATTCCAAGCAGCAGGAGCATGG
GAGTCCGAGCAGAAGAAGAANGG,GAGCCCTCGCAGGAGATGCAGGG
GAGTCCGAGCAGAAGAAGAANGG,AAGGCCGAGCTGCAGAGGCAGGG
GAGTCCGAGCAGAAGAAGAANGG,AAGTCAGAGCAGAGCTGGAAAGG
GAGTCCGAGCAGAAGAAGAANGG,GAGTGAGAGCAGGGGAAGGAGGG
GAGTCCGAGCAGAAGAAGAANGG,CAATCATAGCAGAAGGTGAAGGG
GAGTCCGAGCAGAAGAAGAANGG,GAGAGAGGGCAGAAGATGAGTGG
GAGTCCGAGCAGAAGAAGAANGG,GAGGAAGAGGAAAAGAACAAAGG
GAGTCCGAGCAGAAGAAGAANGG,GAGACAGAGCAAAAAGAGAGAGG
GAGTCCGAGCAGAAGAAGAANGG,CACTCCTGGCAGAAGGTGAAGGG
GAGTCCGAGCAGAAGAAGAANGG,CAGCCTGAGAAGGAGATGAAGGG
GAGTCCGAGCAGAAGAAGAANGG,CAGTGCGACCAGAGGGAGAGAGG
GAGTCCGAGCAGAAGAAGAANGG,GAGCCCTGGCAGGAAAAGCAAGG
GAGTCCGAGCAGAAGAAGAANGG,GAGATGGAGAAGGAGAGGAAGGG
GAGTCCGAGCAGAAGAAGAANGG,GAGTAGGAAAAGAAAAGGAAGGG
GAGTCCGAGCAGAAGAAGAANGG,CAGCCTGGGCAGAAGGGGAAGGG
GAGTCCGAGCAGAAGAAGAANGG,GAGTGAGGGCAGAAGAGGAAGGG
GAGTCCGAGCAGAAGAAGAANGG,GTGTTCAGGAAGAAGCAGAATGG
GAGTCCGAGCAGAAGAAGAANGG,AAGTCCTGGCTGAGGAAGGAAGG
GAGTCCGAGCAGAAGAAGAANGG,CAATCATAGCAGAAGAGCAAGGG
GAGTCCGAGCAGAAGAAGAANGG,AAAAAGGAGAAGAAGAAGAAGGG
GAGTCCGAGCAGAAGAAGAANGG,GTGTCACGGCAGCAGCAGAAAGG
GAGTCCGAGCAGAAGAAGAANGG,GATTGAGAGAAGTAGAGGAATGG
GAGTCCGAGCAGAAGAAGAANGG,GCGTTGGAGGAAAATAAGAAAGG
GAGTCCGAGCAGAAGAAGAANGG,GAGTCCGTTAAGAAGATGTATGG
GAGTCCGAGCAGAAGAAGAANGG,AAGAAGAAGAAGAAGAAGAAAGG
GAGTCCGAGCAGAAGAAGAANGG,TCTTCCAAGCAGAGGAAGAAAGG
GAGTCCGAGCAGAAGAAGAANGG,GAGGTCTAGGAGAAGCAGTATGG
GAGTCCGAGCAGAAGAAGAANGG,GAGAGAAAGGAAAAGAAGAAAGG
GAGTCCGAGCAGAAGAAGAANGG,GGCTGGGAGAAGAAGGAGAAGGG
GAGTCCGAGCAGAAGAAGAANGG,GAGTGCCAAATGAAGAAGCATGG
GAGTCCGAGCAGAAGAAGAANGG,GAGCCCGAGCAGGCACAGAGGGG
GAGTCCGAGCAGAAGAAGAANGG,CAGTCGGAGGAGACAAGGAAAGG
GAGTCCGAGCAGAAGAAGAANGG,GACTCCGGGCAGACGATTTATGG
GAGTCCGAGCAGAAGAAGAANGG,GCTGCTGAGCAGAAGCAAAAAGG
GAGTCCGAGCAGAAGAAGAANGG,GGGTCCCAGCAGGGGCAGACAGG
GAGTCCGAGCAGAAGAAGAANGG,GAGTCCCAGCGGAGGAACTGGGG
GAGTCCGAGCAGAAGAAGAANGG,GAGTGAGAGGAAGAGAAGGAAGG
GAGTCCGAGCAGAAGAAGAANGG,GGGACAGAGCAGAGGAAGGTAGG
GAGTCCGAGCAGAAGAAGAANGG,GAGTCCAGGCTGGGGCAGAAGGG
GAGTCCGAGCAGAAGAAGAANGG,AAGTCCGAGGAGAGGAAGAAAGG
GAGTCCGAGCAGAAGAAGAANGG,GAGGCACAGCAGGAGGAGGATGG
GAGTCCGAGCAGAAGAAGAANGG,AGGTCAGAGCAGGAGAAACAGGG
GAGTCCGAGCAGAAGAAGAANGG,GGCCCCTAGCAAAAGAAGTATGG
GAGTCCGAGCAGAAGAAGAANGG,AAGAAGAAGAAGAAGAAGAATGG
GAGTCCGAGCAGAAGAAGAANGG,GAGCTCCAGCCGAAGGAGAAGGG
GAGTCCGAGCAGAAGAAGAANGG,TAGTCAGAGCAGGGGTTGAAAGG
GAGTCCGAGCAGAAGAAGAANGG,GAATGCTATCAGTGGAAGAAGGG
GAGTCCGAGCAGAAGAAGAANGG,AAGACCCAGCAGAAGAAAATGGG
GAGTCCGAGCAGAAGAAGAANGG,CAGTCCAAGCCCAAGATGAAAGG
GAGTCCGAGCAGAAGAAGAANGG,AAGTCTGAGCTGGAGATGCAGGG
GAGTCCGAGCAGAAGAAGAANGG,GAATCCTGGCAGAAGAACTGTGG
GAGTCCGAGCAGAAGAAGAANGG,GGGTCTTAGAAGAAAGAGAAGGG
GAGTCCGAGCAGAAGAAGAANGG,GACCTTGAGCAGCAGAAGGAAGG
GAGTCCGAGCAGAAGAAGAANGG,GTGGCAGATCATAAGAAGAAGGG
GAGTCCGAGCAGAAGAAGAANGG,GATTATGAGGGAAAGAAGAAAGG
GAGTCCGAGCAGAAGAAGAANGG,GAAGCTGGGCAGGAGAGGAAAGG
GAGTCCGAGCAGAAGAAGAANGG,TGGGCCAAGCACAAGAACAAAGG
GAGTCCGAGCAGAAGAAGAANGG,TAGACCGAAAGGAAGAAAAAGGG
GAGTCCGAGCAGAAGAAGAANGG,CAGTGGGAGCTGAAGATGAAAGG
GAGTCCGAGCAGAAGAAGAANGG,GATCCTGAGCAGATGAAGGAGGG
GAGTCCGAGCAGAAGAAGAANGG,CATTCCAGGCAGAAGAAATAAGG
GAGTCCGAGCAGAAGAAGAANGG,CAGACCGAGCCAAATCAGAATGG
GAGTCCGAGCAGAAGAAGAANGG,GAGTCTTTGCAAAAGAGGAAGGG
GAGTCCGAGCAGAAGAAGAANGG,GTATAGGAGCTGAAGGAGAAGGG
GAGTCCGAGCAGAAGAAGAANGG,GACTGGGAGTAGAAGAAAAGGGG
GAGTCCGAGCAGAAGAAGAANGG,GAAACAGAGCGGAAGAGGAGGGG
GAGTCCGAGCAGAAGAAGAANGG,GGGGCTCAGCAGCAGAAGATGGG
GAGTCCGAGCAGAAGAAGAANGG,CAGTGTCAGCAGAAGCACAAAGG
GAGTCCGAGCAGAAGAAGAANGG,GAGCCTGTGCTGAAGACCAAAGG
GAGTCCGAGCAGAAGAAGAANGG,GAGGCACAGCAGAGGGAGCATGG
GAGTCCGAGCAGAAGAAGAANGG,GAGTGGGAGAAAATGAAGATGGG
GAGTCCGAGCAGAAGAAGAANGG,AGGTCAGAGCAGAAGAAAAGAGG
GAGTCCGAGCAGAAGAAGAANGG,GAGTGGGAGGAGAGAAGGAAAGG
GAGTCCGAGCAGAAGAAGAANGG,GACCCCGAGTAAGAGGAGAAAGG
GAGTCCGAGCAGAAGAAGAANGG,GCTCCCGAGCTGAAGAGGGAGGG
GAGTCCGAGCAGAAGAAGAANGG,GAGACAGAGCAGAGAGAGAAAGG
GAGTCCGAGCAGAAGAAGAANGG,GACTTCATGGAGAAGCAGAAGGG
GAGTCCGAGCAGAAGAAGAANGG,GACACCGAGTTGTAGAAGGAGGG
GAGTCCGAGCAGAAGAAGAANGG,CAGTCCTGGCAGAAGAGTTAGGG
GAGTCCGAGCAGAAGAAGAANGG,TTGGAGGAGCAGAAGAAGCAAGG
GAGTCCGAGCAGAAGAAGAANGG,GACACCGAGTTAAAGAAGGAAGG
GAGTCCGAGCAGAAGAAGAANGG,GAATAACAAGAGAAGAAGAAAGG
GAGTCCGAGCAGAAGAAGAANGG,GAGACCAAGAATAAGAAGCCTGG
GAGTCCGAGCAGAAGAAGAANGG,AAGTCTAAGGAGAATATGAATGG
GAGTCCGAGCAGAAGAAGAANGG,GAAGCCAAGCAGAGCAAGAAGGG
GAGTCCGAGCAGAAGAAGAANGG,GAGACAGAAGAGAAGGAGGAGGG
GAGTCCGAGCAGAAGAAGAANGG,GAGGCAGAGGAAGAGAGGAAGGG
GAGTCCGAGCAGAAGAAGAANGG,GAGACCGGGCAAGAGGTGAAAGG
GAGTCCGAGCAGAAGAAGAANGG,GAGCCGGAGCAGGAGCAAAGGGG
GAGTCCGAGCAGAAGAAGAANGG,GAGCCCGAGCCGGAGCGGAGCGG
GAGTCCGAGCAGAAGAAGAANGG,GTGTGCAAGAAGGATAAGAATGG
GAGTCCGAGCAGAAGAAGAANGG,GGGTGGGAGGAGAAGGAGGAAGG
GAGTCCGAGCAGAAGAAGAANGG,AAGACAAAGCAGAAGAGGAGAGG
GAGTCCGAGCAGAAGAAGAANGG,GGGACTAAGGAGAAGAAGAGAGG
GAGTCCGAGCAGAAGAAGAANGG,GAGCCCCAGAACAATAAGGAAGG
GAGTCCGAGCAGAAGAAGAANGG,GAGTCACAGTCAAAGATGAAGGG
GAGTCCGAGCAGAAGAAGAANGG,GAGGAGGAGGAGGAGAAGGAGGG
GAGTCCGAGCAGAAGAAGAANGG,GAGGAAGAGGAGAGGAAGAAGGG
GAGTCCGAGCAGAAGAAGAANGG,GAGTCTGATCAGCAGGAGGTGGG
GAGTCCGAGCAGAAGAAGAANGG,GAGTCCCAGAAGAAGAGTAGGGG
GAGTCCGAGCAGAAGAAGAANGG,GAATCAGAGCAGGAGGGGACTGG
GAGTCCGAGCAGAAGAAGAANGG,GAGGCCCAGCAGACTAACAATGG
GAGTCCGAGCAGAAGAAGAANGG,GAGTCCCAGCATCAGAGGCATGG
GAGTCCGAGCAGAAGAAGAANGG,TAGTGGGGACAGGAGAAGAAAGG
GAGTCCGAGCAGAAGAAGAANGG,GTGTGTGGGCAGGAGAGGAAAGG
GAGTCCGAGCAGAAGAAGAANGG,GTGGCTGTGGAGAAGCAGAAAGG
GAGTCCGAGCAGAAGAAGAANGG,GAGAGCTGGAAGAACAAGAATGG
GAGTCCGAGCAGAAGAAGAANGG,CAGCCCAAGCAGACTAAGACAGG
GAGTCCGAGCAGAAGAAGAANGG,GAATGAGAGGAGGAGGAGAAAGG
GAGTCCGAGCAGAAGAAGAANGG,CAATCATGGCAGAAGATGAAAGG
GAGTCCGAGCAGAAGAAGAANGG,GAGGAAGAAGAGAAGAAGAGAGG
GAGTCCGAGCAGAAGAAGAANGG,GACTCCGTGCAAAGGAAGGCAGG
GAGTCCGAGCAGAAGAAGAANGG,GAGATAGAGCAGAAAGAGCATGG
GAGTCCGAGCAGAAGAAGAANGG,GGGCCAGAGCAGGAAAAGACTGG
GAGTCCGAGCAGAAGAAGAANGG,GGGTTGGAGGTGGAGAAGAAGGG
GAGTCCGAGCAGAAGAAGAANGG,GACACCGAGTTGTAGAAGGAAGG
GAGTCCGAGCAGAAGAAGAANGG,GCGTGGGTGCAGCAGCAGAATGG
GAGTCCGAGCAGAAGAAGAANGG,CAGTCCGGACAGCAGAAAAAGGG
GAGTCCGAGCAGAAGAAGAANGG,GGGACAGAGCTGGAGAAGAGGGG
GAGTCCGAGCAGAAGAAGAANGG,GGTTAGGAGCAGAAGAAGGTGGG
GAGTCCGAGCAGAAGAAGAANGG,GAGTCAGGGCACATGGAGATCGG
GAGTCCGAGCAGAAGAAGAANGG,GTGTCCAACCAGAAACAGAACGG
GAGTCCGAGCAGAAGAAGAANGG,GAGGCCAAGGATAAGCATAAGGG
GAGTCCGAGCAGAAGAAGAANGG,GATTCTCACCTGAAGAAGCAGGG
GAGTCCGAGCAGAAGAAGAANGG,GACTCCCAGTTGGAGGAGAAAGG
GAGTCCGAGCAGAAGAAGAANGG,TAGCCCTTCCAGAAGCAGAAGGG
GAGTCCGAGCAGAAGAAGAANGG,CAGTCTGAGCAGAGTCAGGAGGG
GAGTCCGAGCAGAAGAAGAANGG,GCAACAGAGAAGATGAAGAAAGG
GAGTCCGAGCAGAAGAAGAANGG,GAGGACGAGGAGGAGGAGAGAGG
GAGTCCGAGCAGAAGAAGAANGG,GAAACAGGACAGAAGAAGGAAGG
GAGTCCGAGCAGAAGAAGAANGG,GAATGCGAGCAGAGTCAAAAAGG
GAGTCCGAGCAGAAGAAGAANGG,GTGTACGTGCACAAGAGGAGGGG
GAGTCCGAGCAGAAGAAGAANGG,GAAGTGGAGCAGAAGAGGGAGGG
GAGTCCGAGCAGAAGAAGAANGG,GAGGCCTGACAGAACATGAAAGG
GAGTCCGAGCAGAAGAAGAANGG,GAGCCTGAGCAGAAGGAGAAGGG
GAGTCCGAGCAGAAGAAGAANGG,GAGACCAGGGAGAGGAAGACCGG
GAGTCCGAGCAGAAGAAGAANGG,GAGACCGGGGAGAGGGAGACCGG
GAGTCCGAGCAGAAGAAGAANGG,AAGTCAGTGAAGGAGAAGGAGGG
GAGTCCGAGCAGAAGAAGAANGG,GAGTCATGGCAGGAGGCGAAAGG
GAGTCCGAGCAGAAGAAGAANGG,GAGGGTGAGGAGAAGGAGCAGGG
GAGTCCGAGCAGAAGAAGAANGG,GAATATGAGGAGGAGAAGAAAGG
GAGTCCGAGCAGAAGAAGAANGG,GAGTCCCAGCAGAAAATACATGG
GAGTCCGAGCAGAAGAAGAANGG,AAGCAGGAGCAGCAGAGGAAGGG
GAGTCCGAGCAGAAGAAGAANGG,CAGTCATGGCAGAAGGTGAAGGG
GAGTCCGAGCAGAAGAAGAANGG,GAGTGGGGGCAGAGGCAGAAGGG
GAGTCCGAGCAGAAGAAGAANGG,GGGTCTCAGGAGAAGAACATTGG
GAGTCCGAGCAGAAGAAGAANGG,GGGTTTGAGGAGTAGGAGAAGGG
GAGTCCGAGCAGAAGAAGAANGG,GTGCCTGAGGGGAAGGAGAAGGG
GAGTCCGAGCAGAAGAAGAANGG,GGGTCCTAGCAGAAAACAGATGG
GAGTCCGAGCAGAAGAAGAANGG,GAGTCTAAGCTGAGAAAGGAGGG
GAGTCCGAGCAGAAGAAGAANGG,GAAGTGGAGCAGGAGAAGAAGGG
GAGTCCGAGCAGAAGAAGAANGG,GAGTCAACGCAGAGGGAGGAGGG
GAGTCCGAGCAGAAGAAGAANGG,TGGTATGAGCAGAGCAAGAAAGG
GAGTCCGAGCAGAAGAAGAANGG,GACACCGAGTTAAAGAAGGAAGG
GAGTCCGAGCAGAAGAAGAANGG,TAGGCAAAACAGAAGAAAAAGGG
GAGTCCGAGCAGAAGAAGAANGG,TATACGGAGCAGAAGAAGAATGG
GAGTCCGAGCAGAAGAAGAANGG,GAGTGTGCCCAGAGCAAGAAAGG
GAGTCCGAGCAGAAGAAGAANGG,CATTTTGAGTATAAGAAGAAAGG
GAGTCCGAGCAGAAGAAGAANGG,AAGTCAGGGCATAGGAAAAAAGG
GAGTCCGAGCAGAAGAAGAANGG,GAGCAAGGGCAGGAGCAGAAGGG
GAGTCCGAGCAGAAGAAGAANGG,GAGACTGGGCAGAATGGGAAAGG
GAGTCCGAGCAGAAGAAGAANGG,GAGCCCGCTCAGAAGAGGCCAGG
GAGTCCGAGCAGAAGAAGAANGG,GAGTCCCAGTAGAGGAGGGAAGG
GAGTCCGAGCAGAAGAAGAANGG,GAGACAGAGAAGCAGATGGAAGG
GAGTCCGAGCAGAAGAAGAANGG,GAGCCCAAGCAGTAGATGAGAGG
GAGTCCGAGCAGAAGAAGAANGG,GAGGAAGAGCAGAAGGAGGAAGG
GAGTCCGAGCAGAAGAAGAANGG,GAGGCTGAGAGAAAGGAGAAAGG
GAGTCCGAGCAGAAGAAGAANGG,TTTACTGAGCAGAAGAGGAAAGG
GAGTCCGAGCAGAAGAAGAANGG,GAGAAGGAGAAGAGGATGAAAGG
GAGTCCGAGCAGAAGAAGAANGG,GGGTGGGTACAGAAGAAGAGGGG
GAGTCCGAGCAGAAGAAGAANGG,GAGACAGACCAGGGGAAGAAGGG
GAGTCCGAGCAGAAGAAGAANGG,AAGTCTGGGCACAAAAAGGATGG
GAGTCCGAGCAGAAGAAGAANGG,AAGACAGAGAAGCAGAAGAAAGG
GAGTCCGAGCAGAAGAAGAANGG,CAATCAGGGCAGAAGGTGAAAGG
GAGTCCGAGCAGAAGAAGAANGG,GAGCCCAGGCAGACAAAGCAAGG
GAGTCCGAGCAGAAGAAGAANGG,GATTCCTAGCAGAGTGAGGAGGG
GAGTCCGAGCAGAAGAAGAANGG,GAGATCAAGCAAAAGAGGACTGG
GAGTCCGAGCAGAAGAAGAANGG,GATGCCGAGCCGAAGCTGGACGG
GAGTCCGAGCAGAAGAAGAANGG,GAGTTAGAATAGTAGTAGAAAGG
GAGTCCGAGCAGAAGAAGAANGG,GAGGCAGAGAAGGGGAAGAAGGG
GAGTCCGAGCAGAAGAAGAANGG,TGGACAGAGCAGAGGAAGAGAGG
GAGTCCGAGCAGAAGAAGAANGG,AAGACAGATCAGCAGAAGCAAGG
GAGTCCGAGCAGAAGAAGAANGG,AAGACAGAGAAGAAGAGGAAAGG
GAGTCCGAGCAGAAGAAGAANGG,GGGCCCGAGCTGAATAAAATGGG
GAGTCCGAGCAGAAGAAGAANGG,GAGGAGGAGGAGGAGGAGAAAGG
GAGTCCGAGCAGAAGAAGAANGG,GAGGAGGAGAAGAAGAAGGAAGG
GAGTCCGAGCAGAAGAAGAANGG,GAAGCAGAGCTGATGGAGAAGGG
GAGTCCGAGCAGAAGAAGAANGG,GAGTCTGGGCTGAGGAACACAGG
GAGTCCGAGCAGAAGAAGAANGG,GAAGCAGAGCTGATGGAGAAGGG
GAGTCCGAGCAGAAGAAGAANGG,GAGTCTGGGCTGAGGAAAACAGG
GAGTCCGAGCAGAAGAAGAANGG,GGGGCTGAAAAGAAGAAGATTGG
GAGTCCGAGCAGAAGAAGAANGG,CAGTCAGAGCAGCTGCAGTAGGG
GAGTCCGAGCAGAAGAAGAANGG,GAGAAGGAAAGGAAGAAGAATGG
GAGTCCGAGCAGAAGAAGAANGG,GAGTGCAAGGAGGAGGAGGAAGG
GAGTCCGAGCAGAAGAAGAANGG,GGATCCCAACAGGAGAAGACAGG
GAGTCCGAGCAGAAGAAGAANGG,CACACAGAGCTGATGAAGAAAGG
GAGTCCGAGCAGAAGAAGAANGG,GATTCAATGAAGCAGAAGAAAGG
GAGTCCGAGCAGAAGAAGAANGG,TAGCCTGAACCTAAGAAGAAAGG
GAGTCCGAGCAGAAGAAGAANGG,GAGTTTGGGCAGGAACAGAATGG
GAGTCCGAGCAGAAGAAGAANGG,AACTCCAAGATGAAGAATAAAGG
GAGTCCGAGCAGAAGAAGAANGG,GAGTGTGAGCTGGAGCAGACAGG
GAGTCCGAGCAGAAGAAGAANGG,TAGTCCTTGAAGCAGGAGAACGG
GAGTCCGAGCAGAAGAAGAANGG,GTGGTCGGGCAGGAGAACAAGGG
GAGTCCGAGCAGAAGAAGAANGG,TAGTCAGAGCAGAGGGAACAAGG
GAGTCCGAGCAGAAGAAGAANGG,GAGGAGGAGGAGAAGGAGAAGGG
GAGTCCGAGCAGAAGAAGAANGG,GAGTTTGAATAGGATAAGAAGGG
GAGTCCGAGCAGAAGAAGAANGG,GAGGGGGAGCAGATGGTGAACGG
GAGTCCGAGCAGAAGAAGAANGG,GAGCACGAGCCGAAGCAGGGCGG
GAGTCCGAGCAGAAGAAGAANGG,GAGTCTGACAAAAAGGACAAAGG
GAGTCCGAGCAGAAGAAGAANGG,GAGTAGGAGGAGAAAAAGGCTGG
GAGTCCGAGCAGAAGAAGAANGG,CAGTCAAACCAGACTAAGAAAGG
GAGTCCGAGCAGAAGAAGAANGG,GAGTAGGAGCAGGGGGAGAGTGG
GAGTCCGAGCAGAAGAAGAANGG,GAGTCCCAGGACAGGAGGCAAGG
GAGTCCGAGCAGAAGAAGAANGG,GGGGCAGAGCAGGAGAAAAGAGG
GAGTCCGAGCAGAAGAAGAANGG,GAGGCCTAGCAGAAGATTAGAGG
GAGTCCGAGCAGAAGAAGAANGG,GAGCCCCAGCAGAAGGAAGTAGG
GAGTCCGAGCAGAAGAAGAANGG,CAGTCCCAGCAAAAGATGATAGG
GAGTCCGAGCAGAAGAAGAANGG,GAGTAGGGGAAGGAGTAGAAGGG
GAGTCCGAGCAGAAGAAGAANGG,GAGGGCTAGGAGGAGCAGAAAGG
GAGTCCGAGCAGAAGAAGAANGG,GAATACCAGAAAGAGAAGAAGGG
GAGTCCGAGCAGAAGAAGAANGG,AAGAAGGAGAAGAAGAAGGAAGG
GAGTCCGAGCAGAAGAAGAANGG,GAGAAGGAGGAGAAGGAGAAGGG
GAGTCCGAGCAGAAGAAGAANGG,GAGCAGGAGTCGAAGGAGAAAGG
GAGTCCGAGCAGAAGAAGAANGG,GAGGCCAAGCATTCTAAGAAGGG
GAGTCCGAGCAGAAGAAGAANGG,GAGTCTGTGCCCAAGTAGACAGG
GAGTCCGAGCAGAAGAAGAANGG,GAAACCCAGGAGACGAAGTAAGG
GAGTCCGAGCAGAAGAAGAANGG,GTGGTAGAGGAAAAGAAGAAAGG
GAGTCCGAGCAGAAGAAGAANGG,CAGGCCGAGCAGAAGATGTGAGG
GAGTCCGAGCAGAAGAAGAANGG,GAGTCTGGGGAGAAGAAGAGTGG
GAGTCCGAGCAGAAGAAGAANGG,GATTCCCAGCAGAAGGATGTTGG
GAGTCCGAGCAGAAGAAGAANGG,GACTCAGAGGTGAAATAGAAAGG
GAGTCCGAGCAGAAGAAGAANGG,GAGTGTGGGAAGAAGAGGAATGG
GAGTCCGAGCAGAAGAAGAANGG,GAGTCGGAGAAGGAGAGGCTGGG
GAGTCCGAGCAGAAGAAGAANGG,GAGGCCAGGCAGAAGAGGGAAGG
GAGTCCGAGCAGAAGAAGAANGG,GAGGCTGAGGGGCAGGAGAATGG
GAGTCCGAGCAGAAGAAGAANGG,CATTCCTACCAAAGGAAGAAAGG
GAGTCCGAGCAGAAGAAGAANGG,GAGTACAAACTGAAGGTGAATGG
GAGTCCGAGCAGAAGAAGAANGG,GTGTCCAACAATAAGAAGAAGGG
GAGTCCGAGCAGAAGAAGAANGG,CAGTCAGAGCTGTGGGAGAAAGG
GAGTCCGAGCAGAAGAAGAANGG,GATTCCATGAGGAAGAAGTAAGG
GAGTCCGAGCAGAAGAAGAANGG,CAGACTGAGGCTAAGAAGAATGG
GAGTCCGAGCAGAAGAAGAANGG,GAGGCCGAGCAGCAGCCGGCCGG
GAGTCCGAGCAGAAGAAGAANGG,TAGTCGGTCCTGAAGAAGACTGG
GAGTCCGAGCAGAAGAAGAANGG,GACACCGAGTTGTAGAAGGAAGG
GAGTCCGAGCAGAAGAAGAANGG,GACACCGAGTTGTAGAAGGAAGG
GAGTCCGAGCAGAAGAAGAANGG,GAGGTGGAGCAGAATAAGGGAGG
GAGTCCGAGCAGAAGAAGAANGG,AAATCCCGGCTTAAGAAGAATGG
GAGTCCGAGCAGAAGAAGAANGG,AAGCTCCAGCTGAAGGAGAATGG
GAGTCCGAGCAGAAGAAGAANGG,TATTCCCAGCATAGGAACAAAGG
GAGTCCGAGCAGAAGAAGAANGG,GAGGAAATGCAGAACAAGAAGGG
GAGTCCGAGCAGAAGAAGAANGG,GGGTACAAGCACAGGAGGAAAGG
GAGTCCGAGCAGAAGAAGAANGG,GAGGGTGAGCAGAAGCAGGGTGG
GAGTCCGAGCAGAAGAAGAANGG,GAGGGTGAGCAGAAGCAGGGTGG
GAGTCCGAGCAGAAGAAGAANGG,GTTTGTGAGGAGAAAAAGAAAGG
GAGTCCGAGCAGAAGAAGAANGG,GAGTCCCAGAAGAGCAAAGAGGG
GAGTCCGAGCAGAAGAAGAANGG,GAGGCCTGGCTGAGGTAGAATGG
GAGTCCGAGCAGAAGAAGAANGG,GAGGAGGAGGAGAGGAAGAGGGG
GAGTCCGAGCAGAAGAAGAANGG,GTGTCCAAGTAGAGTTAGAAGGG
GAGTCCGAGCAGAAGAAGAANGG,GAGTGTGAGCAGAAGCTAAGAGG
GAGTCCGAGCAGAAGAAGAANGG,GAGGCCATGCTGATGAAGAGGGG
GAGTCCGAGCAGAAGAAGAANGG,GACTGAGAGCAGAGGCAGGATGG
GAGTCCGAGCAGAAGAAGAANGG,GTGGCCGTGCAGCAGCTGAAGGG
GAGTCCGAGCAGAAGAAGAANGG,GAGTCTGGGCAGAAGAACGTGGG
GAGTCCGAGCAGAAGAAGAANGG,CTGTCAGAGCAGAAGCTGCAAGG
GAGTCCGAGCAGAAGAAGAANGG,CACTCCTGGCGGAAGGAGAAGGG
GAGTCCGAGCAGAAGAAGAANGG,GAGAAGGAGGAGAAGGAGAAGGG
GAGTCCGAGCAGAAGAAGAANGG,AAGGCCAAGCAGCTCAAGAAAGG
GAGTCCGAGCAGAAGAAGAANGG,GGCCCCCAGCAGATGGAGAATGG
GAGTCCGAGCAGAAGAAGAANGG,GGGACCAGGCAGAATAAGAAAGG
GAGTCCGAGCAGAAGAAGAANGG,GAGGCCCTGCAGAATGGGAATGG
GAGTCCGAGCAGAAGAAGAANGG,GCTGCCCAACAGAAGAATAAAGG
GAGTCCGAGCAGAAGAAGAANGG,CAGGCTGAGCAGAAAGAGATAGG
GAGTCCGAGCAGAAGAAGAANGG,GAGTCAGAGAAGTGGATGGATGG
GAGTCCGAGCAGAAGAAGAANGG,AAGTATTAACAGAAGAAAAAAGG
GAGTCCGAGCAGAAGAAGAANGG,GAGTCCGAGAAGTAGAAATCAGG
GAGTCCGAGCAGAAGAAGAANGG,GAGGTAGTGCAAAAGAATAATGG
GAGTCCGAGCAGAAGAAGAANGG,CAATCATAGCAGAAGGGGAAGGG
GAGTCCGAGCAGAAGAAGAANGG,GAATCCTATTGGAAGAAGAAAGG
GAGTCCGAGCAGAAGAAGAANGG,GAAACCCAGGAGAAGGAGAAAGG
GAGTCCGAGCAGAAGAAGAANGG,GAGATGGAGTTAAAGAAGAAAGG
GAGTCCGAGCAGAAGAAGAANGG,CAGCCCAAGAACAGGAAGAAGGG
GAGTCCGAGCAGAAGAAGAANGG,CAGACAGAGCAGAAGCAGCCTGG
GAGTCCGAGCAGAAGAAGAANGG,GAGTCTGAGGGGAAGGAGAATGG
GAGTCCGAGCAGAAGAAGAANGG,GACACGGGGGAGAAGGAGAAAGG
GAGTCCGAGCAGAAGAAGAANGG,GAATCCTGGCTAAAGGAGAAAGG
GAGTCCGAGCAGAAGAAGAANGG,GAGTGTGAGCCGAAGCAGGGCGG
GAGTCCGAGCAGAAGAAGAANGG,TAGCCTGATGAGAAGCAGAAAGG
GAGTCCGAGCAGAAGAAGAANGG,GAGGCTGGGCGGAAGGAGGATGG
GAGTCCGAGCAGAAGAAGAANGG,AAGTTCCAGCTGAAGCACAAAGG
GAGTCCGAGCAGAAGAAGAANGG,GAGGCCTTGGAGAAGGAGGAGGG
GAGTCCGAGCAGAAGAAGAANGG,GAGTCCCAGCAGGATATAGATGG
GAGTCCGAGCAGAAGAAGAANGG,GAAACAGGCCAGAAGGAGAAAGG
GAGTCCGAGCAGAAGAAGAANGG,GAACCCAAGAAAAAGAAGGAAGG
GAGTCCGAGCAGAAGAAGAANGG,GAATCCAAGCAGAGTGAGGAGGG
GAGTCCGAGCAGAAGAAGAANGG,AAGAAGAAGAAGAAGAAGAAAGG
GAGTCCGAGCAGAAGAAGAANGG,GAGGCTGAGAGGTAGAAGGATGG
GAGTCCGAGCAGAAGAAGAANGG,GAGGCCAAAGAGAGGAGGAAGGG
GAGTCCGAGCAGAAGAAGAANGG,CAGGGGGAGCAGATGAGGAATGG
GAGTCCGAGCAGAAGAAGAANGG,GACTCAGTACAGAAGATGGAAGG
GAGTCCGAGCAGAAGAAGAANGG,GAGTTCCACCCAAAGAAGGAGGG
GAGTCCGAGCAGAAGAAGAANGG,GTGGGGGAGAAGAAGAACAATGG
GAGTCCGAGCAGAAGAAGAANGG,CAATCACGGCAGAAGATGAAGGG
GAGTCCGAGCAGAAGAAGAANGG,AACTTTGAGCAGCAGCAGAAAGG
GAGTCCGAGCAGAAGAAGAANGG,GAGTCTGGGCCCATGAGGAAAGG
GAGTCCGAGCAGAAGAAGAANGG,AGGTCCAGGCAGAAAAAGGATGG
GAGTCCGAGCAGAAGAAGAANGG,CACTCACAGCAGAAGGTGAAGGG
GAGTCCGAGCAGAAGAAGAANGG,CAGACTGGGCAGAAAATGAAGGG
GAGTCCGAGCAGAAGAAGAANGG,GGCTCCATGCAAATGAAGAAAGG
GAGTCCGAGCAGAAGAAGAANGG,GGGACTGAGAAGAGGAAGAGGGG
GAGTCCGAGCAGAAGAAGAANGG,GTGTCAGTCCTGAACAAGAAGGG
GAGTCCGAGCAGAAGAAGAANGG,GGGTAGGAGAGAAAGAAGAAGGG
GAGTCCGAGCAGAAGAAGAANGG,GTGTTTGAGCTCAAGGAGAATGG
GAGTCCGAGCAGAAGAAGAANGG,GCTCCCGAGGAGAAAAAGGAAGG
GAGTCCGAGCAGAAGAAGAANGG,GAGCATGAGCAGGAGGGGAATGG
GAGTCCGAGCAGAAGAAGAANGG,GAGTCAGGGGAGCAGAAGTAAGG
GAGTCCGAGCAGAAGAAGAANGG,GAGTCACAGGAGCTGAAGCAAGG
GAGTCCGAGCAGAAGAAGAANGG,GGGGCAGAGGAGAATATGAATGG
GAGTCCGAGCAGAAGAAGAANGG,GAGTCAGTGTGGAAGATGGAAGG
GAGTCCGAGCAGAAGAAGAANGG,GAGTGAGAGCAGGGGACAAATGG
GAGTCCGAGCAGAAGAAGAANGG,GAATCAGAGTACAAAAAGCATGG
GAGTCCGAGCAGAAGAAGAANGG,GATTCTCACCAGGCGAAGAAAGG
GAGTCCGAGCAGAAGAAGAANGG,GAGTATGAATGGAGGAAGAAAGG
GAGTCCGAGCAGAAGAAGAANGG,AAGACTGGGGAGAAAAAGAAAGG
GAGTCCGAGCAGAAGAAGAANGG,AAGGTCTAGCAGTAGAAAAAGGG
GAGTCCGAGCAGAAGAAGAANGG,GAGGCAGGGCAGGTGAAGTATGG
GAGTCCGAGCAGAAGAAGAANGG,CAGACAGAGCAGGAGAGGCAGGG
GAGTCCGAGCAGAAGAAGAANGG,CACTCCTTGGAGAATAAGAAGGG
GAGTCCGAGCAGAAGAAGAANGG,CAGTGAGAACAGAAAGAGAATGG
GAGTCCGAGCAGAAGAAGAANGG,CAGTCCCATCTGCAGAAGTAGGG
GAGTCCGAGCAGAAGAAGAANGG,GAGCCATAGCAGGTGAACAAGGG
GAGTCCGAGCAGAAGAAGAANGG,GAGTGGGAGCTGGAGAAAACTGG
GAGTCCGAGCAGAAGAAGAANGG,CAGTCATGGCAGAAGGAGAAGGG
GAGTCCGAGCAGAAGAAGAANGG,GAATCTGAGAAGGGCAAGAACGG
GAGTCCGAGCAGAAGAAGAANGG,GAAGCCCAGTAGATGATGAATGG
GAGTCCGAGCAGAAGAAGAANGG,GAGGCTGAGGAGAAGGAGGAGGG
GAGTCCGAGCAGAAGAAGAANGG,GAGTCTGAGGAGGAGATTACTGG
GAGTCCGAGCAGAAGAAGAANGG,AGGAGTGAGCAGAAGGAGAATGG
GAGTCCGAGCAGAAGAAGAANGG,GAATCACGGCAGAAGGTGAAAGG
GAGTCCGAGCAGAAGAAGAANGG,AATACAGAGCAGATGAGGAAAGG
GAGTCCGAGCAGAAGAAGAANGG,CAGTCCGGGTAGTAGATGAGAGG
GAGTCCGAGCAGAAGAAGAANGG,GAGTAGGAGATGATGGAGAAAGG
GAGTCCGAGCAGAAGAAGAANGG,CAATCATAGCAGAAGGCGAAAGG
GAGTCCGAGCAGAAGAAGAANGG,AGGTACTAGCAGCAGAACAAAGG
GAGTCCGAGCAGAAGAAGAANGG,GAGGCCAAGCTGTAGGAGGAGGG
GAGTCCGAGCAGAAGAAGAANGG,GAAGAGGAACAAAAGAAGAATGG
GAGTCCGAGCAGAAGAAGAANGG,GAGTCGGAGTAGGAGAGGGCAGG
GAGTCCGAGCAGAAGAAGAANGG,GAGTCCGTGGCCAAAAAGGATGG
GAGTCCGAGCAGAAGAAGAANGG,CAGTCATGGCAGAAGGTGAAGGG
GAGTCCGAGCAGAAGAAGAANGG,GAGTTCCAGAAAAAAAAAAAAGG
GAGTCCGAGCAGAAGAAGAANGG,GAGTCACAGCAGAAAAACATGGG
GAGTCCGAGCAGAAGAAGAANGG,GAATCAAAGCAAAAGAAAGAAGG
GAGTCCGAGCAGAAGAAGAANGG,TTGTCCTTGCATAAGAAGATGGG
GAGTCCGAGCAGAAGAAGAANGG,GAGCCAGAGTAGGGGAAGTAGGG
GAGTCCGAGCAGAAGAAGAANGG,GAGTGAGCTCAGAAGAGGAAGGG
GAGTCCGAGCAGAAGAAGAANGG,GAGTGGGTGAAGAAGGAGAAGGG
GAGTCCGAGCAGAAGAAGAANGG,GAGTCTGAGGAAAAGCAGGCAGG
GAGTCCGAGCAGAAGAAGAANGG,GTGTCCAGGCAGAAAAGGAGAGG
GAGTCCGAGCAGAAGAAGAANGG,GAGGCTGAGAGGCAGGAGAATGG
GAGTCCGAGCAGAAGAAGAANGG,AAGTCCTAGAAGATGAGGGAAGG
GAGTCCGAGCAGAAGAAGAANGG,GGGTCTGAAAAGATGAAGAGAGG
GAGTCCGAGCAGAAGAAGAANGG,GTTTCTGAAAAGAAAAAGAAGGG
GAGTCCGAGCAGAAGAAGAANGG,GTGTGCTACCAGAAGAAGGTGGG
GAGTCCGAGCAGAAGAAGAANGG,GAGTAGGAGGTGAAGGAGAGTGG
GAGTCCGAGCAGAAGAAGAANGG,GATTCCGAGCTAAGGTAAAAAGG
GAGTCCGAGCAGAAGAAGAANGG,CAGTCACGGCAGCAGAAGGAGGG
GAGTCCGAGCAGAAGAAGAANGG,GGGGATGAGAAGAAGAAGAGCGG
GAGTCCGAGCAGAAGAAGAANGG,GAGGGCGAGGAGGTGGAGAAGGG
GAGTCCGAGCAGAAGAAGAANGG,GAGTGGGAGGAGAGGGGGAAAGG
GAGTCCGAGCAGAAGAAGAANGG,GAATCTGCTCAGAAGATGGAAGG
GAGTCCGAGCAGAAGAAGAANGG,TCTTCCTAGCAGCATAAGAATGG
GAGTCCGAGCAGAAGAAGAANGG,GAGGGTGAGCAGAAGCAGGGTGG
GAGTCCGAGCAGAAGAAGAANGG,GTGACAGATGAGAAAAAGAAAGG
GAGTCCGAGCAGAAGAAGAANGG,TTGCCATAGCAGAAGGAGAAGGG
GAGTCCGAGCAGAAGAAGAANGG,GAGGGTGAGCTGAAGCAGGATGG
GAGTCCGAGCAGAAGAAGAANGG,GAGTCTGAGTAGAACAAGTTTGG
GAGTCCGAGCAGAAGAAGAANGG,GAGGAAGAGCAGAAGCAGAGTGG
GAGTCCGAGCAGAAGAAGAANGG,CAATCATGGCAGAAGATGAAGGG
GAGTCCGAGCAGAAGAAGAANGG,TAATGAGACCAGAAGAAAAAGGG
GAGTCCGAGCAGAAGAAGAANGG,CAGTCATGGCAGAAGGTGAAGGG
GAGTCCGAGCAGAAGAAGAANGG,AATTCTGGGCAGAAGAAGGCAGG
GAGTCCGAGCAGAAGAAGAANGG,AAGTATAAGAAGAAGAGGAATGG
GAGTCCGAGCAGAAGAAGAANGG,AGGTCAGAGCAGAAAGAAAATGG
GAGTCCGAGCAGAAGAAGAANGG,GAGAGAGAGCAGAAGCAGGGTGG
GAGTCCGAGCAGAAGAAGAANGG,GGGACAGAGGAAAAGAACAAGGG
GAGTCCGAGCAGAAGAAGAANGG,TAGGCTGAGGAGAAGGAGGAAGG
GAGTCCGAGCAGAAGAAGAANGG,GACTCAAAGAAGGAAAAGAATGG
GAGTCCGAGCAGAAGAAGAANGG,CAATCATGGCAGAAGATGAAAGG
GAGTCCGAGCAGAAGAAGAANGG,GAGTTTCAGAAAAAGAACAAAGG
GAGTCCGAGCAGAAGAAGAANGG,GAAACAGAGGAGTAGAAGAGTGG
GAGTCCGAGCAGAAGAAGAANGG,GAGGAGGAGGAGAGGAAGGAAGG
GAGTCCGAGCAGAAGAAGAANGG,GAGAACTAGAAAAAGAAAAAGGG
GAGTCCGAGCAGAAGAAGAANGG,GAGGGCGAGCGGAAGCAGGGTGG
GAGTCCGAGCAGAAGAAGAANGG,GAGTCAACTGAGAAGATGAAAGG
GAGTCCGAGCAGAAGAAGAANGG,GAGTCCATACCAAAGAAGAAAGG
GAGTCCGAGCAGAAGAAGAANGG,CAATCATAGCAGAAGGTGAAGGG
GAGTCCGAGCAGAAGAAGAANGG,GACTCCCAGCCTAAGAGGAAAGG
GAGTCCGAGCAGAAGAAGAANGG,GAGTTCCAGAAAGAGAGGAAAGG
GAGTCCGAGCAGAAGAAGAANGG,CAATCATGGCAGAAGATGAAGGG
GAGTCCGAGCAGAAGAAGAANGG,GAGGCCGAAATGGAGAAGAATGG
GAGTCCGAGCAGAAGAAGAANGG,GAGGAAGGGAAGAGGAAGAAAGG
GAGTCCGAGCAGAAGAAGAANGG,TCTTCCCAAGAGAAGAAGAATGG
GAGTCCGAGCAGAAGAAGAANGG,GAGTCCGCGAAGGGAAATAAGGG
GAGTCCGAGCAGAAGAAGAANGG,GGGACTGTACAGAAGAAGGAGGG
GAGTCCGAGCAGAAGAAGAANGG,GAGAAAGAGTAGAGGAAGAATGG
GAGTCCGAGCAGAAGAAGAANGG,AAGAAGGGGAAGAAGAAGAAAGG
GAGTCCGAGCAGAAGAAGAANGG,GAATACGAACAGAAGATTAAAGG
GAGTCCGAGCAGAAGAAGAANGG,TAGTCATAGTAGAAGAATTATGG
GAGTCCGAGCAGAAGAAGAANGG,GAGTTTATGCAGAAAAGGAATGG
GAGTCCGAGCAGAAGAAGAANGG,GAGAAAGAGTAAAAGAAAAAAGG
GAGTCCGAGCAGAAGAAGAANGG,GTCTCCAAGGAGAAGATGATTGG
GAGTCCGAGCAGAAGAAGAANGG,CAGTCATGGCAGAAGAGTAAGGG
GAGTCCGAGCAGAAGAAGAANGG,GGGGCCTATCAGAAGGTGAAGGG
GAGTCCGAGCAGAAGAAGAANGG,GATTCTATGCAGAAGTAGAAGGG
GAGTCCGAGCAGAAGAAGAANGG,CAATCATGGCAGAAGGAGAAGGG
GAGTCCGAGCAGAAGAAGAANGG,TAGTCTGAGCAGGAAGACAAAGG
GAGTCCGAGCAGAAGAAGAANGG,GGGTCTGAGGAAAAGAATCATGG
GAGTCCGAGCAGAAGAAGAANGG,CAATCATGGCAGAAGATGAAGGG
GAGTCCGAGCAGAAGAAGAANGG,GAGACCCTGTGGAAGAAGGAAGG
GAGTCCGAGCAGAAGAAGAANGG,GGGGCCTATCAGAGGAAGGAAGG
GAGTCCGAGCAGAAGAAGAANGG,GAGAGTGAGCAGAAGCAGGGTGG
GAGTCCGAGCAGAAGAAGAANGG,AAGTCTGAGGTGAAGAGGAGTGG
GAGTCCGAGCAGAAGAAGAANGG,GAGGGCGAGCTGAAGCAGAGCGG
GAGTCCGAGCAGAAGAAGAANGG,GAGATTCAACAGCAGAAGAAAGG
GAGTCCGAGCAGAAGAAGAANGG,CACTCCTAGCAGAAAGTGAAGGG
GAGTCCGAGCAGAAGAAGAANGG,GAGCCAGAGGAGAAGAGCACAGG
GAGTCCGAGCAGAAGAAGAANGG,GAGACTAAGCAGGTGAAGAAAGG
GAGTCCGAGCAGAAGAAGAANGG,GAGCCCAGGCAGGATAAGAAGGG
GAGTCCGAGCAGAAGAAGAANGG,CAGTCATGGCAGAAGGTGAAGGG
GAGTCCGAGCAGAAGAAGAANGG,GGATCAGAGCAGAAGTAGGGTGG
GAGTCCGAGCAGAAGAAGAANGG,GAGTGAGAGGAAGACAAGAAGGG
GAGTCCGAGCAGAAGAAGAANGG,AAGAACAAGAAGAAGAAAAAGGG
GAGTCCGAGCAGAAGAAGAANGG,GAGGTAGAGAAGAAGAAGGAGGG
GAGTCCGAGCAGAAGAAGAANGG,GAGGGTGAGCTGAAGAAGAGGGG
GAGTCCGAGCAGAAGAAGAANGG,ATGTCCCAGCTCAACAAGAAAGG
GAGTCCGAGCAGAAGAAGAANGG,GAGGAGGAGGAGGAGGAGAAAGG
GAGTCCGAGCAGAAGAAGAANGG,GAGGGTGTGGGGAAGAAGAATGG
GAGTCCGAGCAGAAGAAGAANGG,GTCTCCCAGCAGAAGACAAAAGG
GAGTCCGAGCAGAAGAAGAANGG,GAGTACAAGAAAAAGAAGAGTGG
GAGTCCGAGCAGAAGAAGAANGG,GAGGCTGAGAGGCAGGAGAATGG
GAGTCCGAGCAGAAGAAGAANGG,GAGTCAGAGGCGAAGCAAAATGG
GAGTCCGAGCAGAAGAAGAANGG,CAATCATGGCAGAAGATGAAGGG
GAGTCCGAGCAGAAGAAGAANGG,GAGTCAAAGCTGAAAAGAAAAGG
GAGTCCGAGCAGAAGAAGAANGG,GAGTAAAACCAGTAGCAGAAAGG
GAGTCCGAGCAGAAGAAGAANGG,GAGTAGGAGGACAAAGAGAAAGG
GAGTCCGAGCAGAAGAAGAANGG,GAGGCCAACCAGATCAAGAAAGG
GAGTCCGAGCAGAAGAAGAANGG,AAGAAGGAGGAAAAGAAGAAAGG
GAGTCCGAGCAGAAGAAGAANGG,GAATCAGAACAGAAAAAAGAAGG
GAGTCCGAGCAGAAGAAGAANGG,GAGTAAAAGCAAAGGCAGAAGGG
GAGTCCGAGCAGAAGAAGAANGG,CAGTCATAGTAGAAGGTGAAGGG
GAGTCCGAGCAGAAGAAGAANGG,GAGTACAAGGTGAAGCAGCAAGG
GAGTCCGAGCAGAAGAAGAANGG,GTAGCTTAGCAGAAGAACAAGGG
GAGTCCGAGCAGAAGAAGAANGG,TTGAGGGAGGAGAAGAAGAAGGG
GAGTCCGAGCAGAAGAAGAANGG,TAGTCCCAGAAGAAAAAAACTGG
GAGTCCGAGCAGAAGAAGAANGG,GAGTACGATCAAAGGAAGTGAGG
GAGTCCGAGCAGAAGAAGAANGG,GAGACTGAGCAGAAGAAATTTGG
GAGTCCGAGCAGAAGAAGAANGG,CAATCATAGCAGAAGGTGAAGGG
GAGTCCGAGCAGAAGAAGAANGG,GATTCTGAGGAGAAATAGAGAGG
GAGTCCGAGCAGAAGAAGAANGG,CAGTCACAGCAGAAGGCAAAGGG
GAGTCCGAGCAGAAGAAGAANGG,GAGTCTGACCTGCAGCAGATGGG
GAGTCCGAGCAGAAGAAGAANGG,CAGTTATAGCAGAAGAGCAAGGG
GAGTCCGAGCAGAAGAAGAANGG,GAGGAGGAGAATAAGAAAAATGG
GAGTCCGAGCAGAAGAAGAANGG,GAAACTGAGGGGAAGGAGAATGG
GAGTCCGAGCAGAAGAAGAANGG,GACTCTGAGCAGAACAGGGAAGG
GAGTCCGAGCAGAAGAAGAANGG,GAGGGGGAGAAGAAGAAGAAGGG
GAGTCCGAGCAGAAGAAGAANGG,AAGTTGGAACAAATGAAGAAGGG
GAGTCCGAGCAGAAGAAGAANGG,GGGTCTGGTCACAAGAACAAAGG
GAGTCCGAGCAGAAGAAGAANGG,GAGAAGGAGGAGAAGGAGGAAGG
GAGTCCGAGCAGAAGAAGAANGG,GAGCCCCAGAAGACTAAGAGGGG
GAGTCCGAGCAGAAGAAGAANGG,GAGGGCAAGCAGAAGCAGGGTGG
GAGTCCGAGCAGAAGAAGAANGG,GGGCAAGAGAAGAAGAAGAAAGG
GAGTCCGAGCAGAAGAAGAANGG,TAGTCACAGCGGAAGGTGAAGGG
GAGTCCGAGCAGAAGAAGAANGG,AAGCTAGAACAAAAGAAGAAAGG
GAGTCCGAGCAGAAGAAGAANGG,CAGTCTGGGAAGAAGCAGATAGG
GAGTCCGAGCAGAAGAAGAANGG,AATTCATAGCAGTGGAAGAAGGG
GAGTCCGAGCAGAAGAAGAANGG,CACATCCAGCAGAAGAAGGACGG
GAGTCCGAGCAGAAGAAGAANGG,GAGGGAGAGCAGGAGAATCAGGG
GAGTCCGAGCAGAAGAAGAANGG,AAGAGGGAGTAGAAGAAGACAGG
GAGTCCGAGCAGAAGAAGAANGG,TTGTCCAAGAAGAAAAAAAAAGG
GAGTCCGAGCAGAAGAAGAANGG,CAATCAGAGCAGGAGAAGAGTGG
GAGTCCGAGCAGAAGAAGAANGG,GACAAGGAGGAGGAGAAGAAGGG
GAGTCCGAGCAGAAGAAGAANGG,GAATCAGAGATTCAGAAGAAAGG
GAGTCCGAGCAGAAGAAGAANGG,ACATCCTGGCAGATGAAGAAGGG
GAGTCCGAGCAGAAGAAGAANGG,GAGGAGGAGAAGAGGAAGGAAGG
GAGTCCGAGCAGAAGAAGAANGG,TCTTCCTTGCAGAGGAAGAACGG
GAGTCCGAGCAGAAGAAGAANGG,CAGTCATGGCAGAAGGTGAAAGG
GAGTCCGAGCAGAAGAAGAANGG,GACACCGAGTTGGAGAAGGAAGG
GAGTCCGAGCAGAAGAAGAANGG,CTTTCCGTCCAGCAGAAGAATGG
GAGTCCGAGCAGAAGAAGAANGG,GAGGGCGAACAGAAGCAGGGTGG
GAGTCCGAGCAGAAGAAGAANGG,GGGTACAGGCTGAAGATGAATGG
GAGTCCGAGCAGAAGAAGAANGG,GAGACGGAAAAAAAGAAGAAAGG
GAGTCCGAGCAGAAGAAGAANGG,CAATCATGGCAGAAGGAGAAAGG
GAGTCCGAGCAGAAGAAGAANGG,GAGAGCGAGCAGAAGCAGGGTGG
GAGTCCGAGCAGAAGAAGAANGG,GAATATGTGTAGAAAAAGAAGGG
GAGTCCGAGCAGAAGAAGAANGG,GAGACCTAGCCCGAGAGGAACGG
GAGTCCGAGCAGAAGAAGAANGG,GAGACCCAACAGAAAATAAAGGG
GAGTCCGAGCAGAAGAAGAANGG,GAATTCTAGCAGAGGTACAAAGG
GAGTCCGAGCAGAAGAAGAANGG,GAGAACAAGCAGAGTAAGGAAGG
GAGTCCGAGCAGAAGAAGAANGG,GACCCCTAGAAGAAGGAGGAGGG
GAGTCCGAGCAGAAGAAGAANGG,GTGGCCAAACAGCAGAACAATGG
GAGTCCGAGCAGAAGAAGAANGG,GGGTCAGGGGAGCAGACGAAAGG
GAGTCCGAGCAGAAGAAGAANGG,AAGTTCCAGGAGAAAAAGGAGGG
GAGTCCGAGCAGAAGAAGAANGG,GAGAGAGAGAAGAAAAATAAGGG
GAGTCCGAGCAGAAGAAGAANGG,GAGACAGACCAATAGAAGATAGG
GAGTCCGAGCAGAAGAAGAANGG,CAGACTAAGAAGAAAAAGAAGGG
GAGTCCGAGCAGAAGAAGAANGG,GAGGGTGAGCAGAAGCAGGGTGG
GAGTCCGAGCAGAAGAAGAANGG,GACACCGAGTTAAAGAAGGAAGG
GAGTCCGAGCAGAAGAAGAANGG,TGCTCAGATCAGAAGATGAAGGG
GAGTCCGAGCAGAAGAAGAANGG,TACTCAGACAAGATGAAGAAGGG
GAGTCCGAGCAGAAGAAGAANGG,AAGGCAGAGGAGAAGCAAAAGGG
GAGTCCGAGCAGAAGAAGAANGG,GAGTGTGAGCTGAAGCAGGGTGG
GAGTCCGAGCAGAAGAAGAANGG,GAATGGGAACTGAAGGAGAATGG
GAGTCCGAGCAGAAGAAGAANGG,GAGTCATGGCAGGAGATGAAAGG
GAGTCCGAGCAGAAGAAGAANGG,GAGTGGGAACTGAGGAAGGATGG
GAGTCCGAGCAGAAGAAGAANGG,GAGGCTGAGAGGCAGGAGAATGG
GAGTCCGAGCAGAAGAAGAANGG,AAAGCAGAGGAGAAGTAGAAAGG
GAGTCCGAGCAGAAGAAGAANGG,GAGACCCTGCCTAAGAAAAAGGG
GAGTCCGAGCAGAAGAAGAANGG,GGTTTCAGGAAGAAGAAGAAGGG
GAGTCCGAGCAGAAGAAGAANGG,ATGTCTAAGGGGAAGAAGAAGGG
GAGTCCGAGCAGAAGAAGAANGG,GAGGGCCAGTAGGAAAAGAAGGG
GAGTCCGAGCAGAAGAAGAANGG,GAGTCCAGGCGAGAGAGGAAGGG
GAGTCCGAGCAGAAGAAGAANGG,TACTCCCAGCAGAAAATGAATGG
GAGTCCGAGCAGAAGAAGAANGG,GAGACCACTCAGAGGAAGATGGG
GAGTCCGAGCAGAAGAAGAANGG,GAGACAGAAGAAATGAAGAAAGG
GAGTCCGAGCAGAAGAAGAANGG,GAAGCTCAGCAGATGAGGAAAGG
GAGTCCGAGCAGAAGAAGAANGG,CCATCCGTGAAGAACAAGAATGG
GAGTCCGAGCAGAAGAAGAANGG,GACTACGGGGAGAGGAAGAAGGG
GAGTCCGAGCAGAAGAAGAANGG,CAAGCATAGCAGAAGGAGAAAGG
GAGTCCGAGCAGAAGAAGAANGG,GAAAATGATCAGAAAAAGAAGGG
GAGTCCGAGCAGAAGAAGAANGG,GAGTCACAGAAAGAGGAGAAAGG
GAGTCCGAGCAGAAGAAGAANGG,GAGACGGGGGAAAACAAGAAGGG
GAGTCCGAGCAGAAGAAGAANGG,GTGTCCAAGGAGAAGCATTATGG
GAGTCCGAGCAGAAGAAGAANGG,CAGAAAGAGAAGAAGAAGAGAGG
GAGTCCGAGCAGAAGAAGAANGG,GAGGGAAAGCAGAAAAGGAAAGG
GAGTCCGAGCAGAAGAAGAANGG,GGGCCCCAGCAGAGGAGAAATGG
GAGTCCGAGCAGAAGAAGAANGG,AAGTCTGAGGCTAAGAAGGAAGG
GAGTCCGAGCAGAAGAAGAANGG,GTGGCCGAGAAGAAGATGGTTGG
GAGTCCGAGCAGAAGAAGAANGG,GAGTCAGATTTGAAGATGAAAGG
GAGTCCGAGCAGAAGAAGAANGG,CAGTCATGGCAGAAGGTGAAGGG
GAGTCCGAGCAGAAGAAGAANGG,GAGCCAGAGCAGGGCAGGAAAGG
GAGTCCGAGCAGAAGAAGAANGG,CAGCCCTAGCCGGAGGAGAATGG
GAGTCCGAGCAGAAGAAGAANGG,CATTCATGGCAGAAGAGGAAAGG
GAGTCCGAGCAGAAGAAGAANGG,GGGGGAGCTCAGAAGAAGAATGG
GAGTCCGAGCAGAAGAAGAANGG,GAGACATTTCAGAAGAAGGAAGG
GAGTCCGAGCAGAAGAAGAANGG,GAGGGTGAGCTGAAGAAGGGCGG
GAGTCCGAGCAGAAGAAGAANGG,GAGCACAAGAAGAGAAAGAAAGG
GAGTCCGAGCAGAAGAAGAANGG,GAGCCAACTCAGAAGAAGAAAGG
GAGTCCGAGCAGAAGAAGAANGG,GAGTGGCATCAGAAGCAGAGAGG
GAGTCCGAGCAGAAGAAGAANGG,AAGTCTGAAAAGGAGAAAAAAGG
GAGTCCGAGCAGAAGAAGAANGG,GAAACGGAGGAGAAGATGAAAGG
GAGTCCGAGCAGAAGAAGAANGG,GAAACAAAGGAGGAGAAGAAAGG
GAGTCCGAGCAGAAGAAGAANGG,GAGGGTGAGCAGAAGCAGGATGG
GAGTCCGAGCAGAAGAAGAANGG,GAGTCTGAGCAACAGATGTGAGG
GAGTCCGAGCAGAAGAAGAANGG,GAGTCCAAGTAGAAATTGAATGG
GAGTCCGAGCAGAAGAAGAANGG,CAATCATAGCAGAAGGTGAAAGG
GAGTCCGAGCAGAAGAAGAANGG,AAATCCAATCAGTGGAAGAAAGG
GAGTCCGAGCAGAAGAAGAANGG,CAGTAGGAAGGGAAGAAGAATGG
GAGTCCGAGCAGAAGAAGAANGG,GAGAGAGAGCACAAGAGCAAAGG
GAGTCCGAGCAGAAGAAGAANGG,GATTCCTAGGTAAAGAAGTAGGG
GAGTCCGAGCAGAAGAAGAANGG,GAGTCGAACAAGTGGAAGAAAGG
GAGTCCGAGCAGAAGAAGAANGG,GAGGGCCAGCAGAAGCAGGATGG
GAGTCCGAGCAGAAGAAGAANGG,GGTTCTGAGTTGGAGAAGAAAGG
GAGTCCGAGCAGAAGAAGAANGG,GAGGAGGAGAAGGAGAAGGAAGG
GAGTCCGAGCAGAAGAAGAANGG,GAATCATAGCAGAAGGCAAAGGG
GAGTCCGAGCAGAAGAAGAANGG,GAGTCAGAGAAGGTGAAGGAGGG
GAGTCCGAGCAGAAGAAGAANGG,GAGTTCTAACTTAAGAAAAAAGG
GAGTCCGAGCAGAAGAAGAANGG,GTCTCGTAGTTGAAGAAGAATGG
GAGTCCGAGCAGAAGAAGAANGG,AATACCAATCAGAAGGAGAATGG
GAGTCCGAGCAGAAGAAGAANGG,GAGAGCGAGCTGAAGCAGGGTGG
GAGTCCGAGCAGAAGAAGAANGG,TGATCTGAGGAGCAGAAGAATGG
GAGTCCGAGCAGAAGAAGAANGG,GAAACTAAGAAGAAAAAGAAAGG
GAGTCCGAGCAGAAGAAGAANGG,GAATAAGAGCAGATGAAAGAGGG
GAGTCCGAGCAGAAGAAGAANGG,GAATACCAGCAGTAATAGAAGGG
GAGTCCGAGCAGAAGAAGAANGG,TAGTCATAGCAGAAGGTGAAAGG
GAGTCCGAGCAGAAGAAGAANGG,GAATCATGGCAGAAGGTGAAGGG
GAGTCCGAGCAGAAGAAGAANGG,TAATCCTGGCAGAAGGTGAAAGG
GAGTCCGAGCAGAAGAAGAANGG,AGGTCTGAGATGAAGAAGGATGG
GAGTCCGAGCAGAAGAAGAANGG,AAGTCTGAGAGGAAGAGGGATGG
GAGTCCGAGCAGAAGAAGAANGG,GAGACCTTAAAGAAGATGAATGG
GAGTCCGAGCAGAAGAAGAANGG,GAAGCTGAGCAGAGGAAGCAGGG
GAGTCCGAGCAGAAGAAGAANGG,GAGTAAGAGCAGAAGTATTTTGG
GAGTCCGAGCAGAAGAAGAANGG,TAATGGGAGGAGAATAAGAATGG
GAGTCCGAGCAGAAGAAGAANGG,GAGTCAGATAAGGAGAAAGATGG
GAGTCCGAGCAGAAGAAGAANGG,GACACCGAGTTGTAGAAGGAAGG
GAGTCCGAGCAGAAGAAGAANGG,GAGGACAAGAAACAGAAGAAGGG
GAGTCCGAGCAGAAGAAGAANGG,GACACCGAGTTGTAGAAGGAAGG
GAGTCCGAGCAGAAGAAGAANGG,GACACCGAGTTGTAGAAGGAAGG
GAGTCCGAGCAGAAGAAGAANGG,GACTCCTACTTTAAGAAGAAGGG
GAGTCCGAGCAGAAGAAGAANGG,GAGGCAGAGCAGAAGCAGGGTGG
GAGTCCGAGCAGAAGAAGAANGG,CAATCAGAGTGGAAGATGAAGGG
GAGTCCGAGCAGAAGAAGAANGG,TAACCAGAACAGAAGAAAAAGGG
GAGTCCGAGCAGAAGAAGAANGG,TGCTCCCAGCAATAGAAGAACGG
GAGTCCGAGCAGAAGAAGAANGG,GGGTACGAGCAGGAGTAGCAGGG
GAGTCCGAGCAGAAGAAGAANGG,GAATCAGAGCAAAAAAACAGTGG
GAGTCCGAGCAGAAGAAGAANGG,GATTTACAGCAAAAGAAGTATGG
GAGTCCGAGCAGAAGAAGAANGG,AACTTAAAGCAGTAGAAGAAAGG
GAGTCCGAGCAGAAGAAGAANGG,GAGACCAAGCAAAATCACAAAGG
GAGTCCGAGCAGAAGAAGAANGG,GATTCTGGGCAAGAGAAGTAGGG
GAGTCCGAGCAGAAGAAGAANGG,GACAGAGACCTGAAGAAGAATGG
GAGTCCGAGCAGAAGAAGAANGG,GATTCAGAACAGAAGCTGTAAGG
GAGTCCGAGCAGAAGAAGAANGG,GAGGGCAAGCAGAAGCAGGGTGG
GAGTCCGAGCAGAAGAAGAANGG,CTGTCCCAGCAGAGAAGGAAAGG
GAGTCCGAGCAGAAGAAGAANGG,GAGAGGGAAAGGAAGAAGAAAGG
GAGTCCGAGCAGAAGAAGAANGG,GAGTCAGAACTCAGGAAGGAAGG
GAGTCCGAGCAGAAGAAGAANGG,GGATCCCAGCTGCAGGAGAAAGG
GAGTCCGAGCAGAAGAAGAANGG,GAAGCTGAGCAGTAGGAGAGAGG
GAGTCCGAGCAGAAGAAGAANGG,TAGTCCAGGCAAAAGATGACTGG
GAGTCCGAGCAGAAGAAGAANGG,GAGTGGGAGCAGAAAGAGGAAGG
GAGTCCGAGCAGAAGAAGAANGG,GAGTTTGAGCAGGACAAGAATGG
GAGTCCGAGCAGAAGAAGAANGG,CATTCATAGCAGAAGGTGAAGGG
GAGTCCGAGCAGAAGAAGAANGG,TAATCCAAGTTGAAGAACAAGGG
GAGTCCGAGCAGAAGAAGAANGG,GGAACAGAGCAGAAGGTGAAAGG
GAGTCCGAGCAGAAGAAGAANGG,GACACCGAGTTAAAGAAGGAAGG
GAGTCCGAGCAGAAGAAGAANGG,CAGTCACAGAACAAGAAGTAGGG
GAGTCCGAGCAGAAGAAGAANGG,GAGTCCCACCAGCAGACACAGGG
GAGTCCGAGCAGAAGAAGAANGG,AAGAAGAAGAAGAAGAAGAAAGG
GAGTCCGAGCAGAAGAAGAANGG,GAGTCCTGGAAGAAAATGAGAGG
GAGTCCGAGCAGAAGAAGAANGG,CCGTCTGAGCAATAGAAAAATGG
GAGTCCGAGCAGAAGAAGAANGG,GAGACCCTGTGGAAGAATAAGGG
GAGTCCGAGCAGAAGAAGAANGG,CAGTCAGAGGAGGATGAGAAGGG
GAGTCCGAGCAGAAGAAGAANGG,GAGTCAGGGCAACAGAAGGCGGG
GAGTCCGAGCAGAAGAAGAANGG,GGCTGCCAGCAGGAGAAGAAGGG
GAGTCCGAGCAGAAGAAGAANGG,CAGTCCCAGCTGAAGGAGACAGG
GAGTCCGAGCAGAAGAAGAANGG,GAGAGGCAGTGGAAGAAGAATGG
GAGTCCGAGCAGAAGAAGAANGG,GAGTAGCAAGAGAAGAAGCAAGG
GAGTCCGAGCAGAAGAAGAANGG,GAGTAAGACAAGAAGAAAAGAGG
GAGTCCGAGCAGAAGAAGAANGG,CTGCAGGAGCAGAAGAAGCAAGG
GAGTCCGAGCAGAAGAAGAANGG,AAGATCTAGAAGAAAAAGAAGGG
GAGTCCGAGCAGAAGAAGAANGG,GAGACCTAGCAGAAGTGTGAAGG
GAGTCCGAGCAGAAGAAGAANGG,GAGGCATAGAAGGTGAAGAAAGG
GAGTCCGAGCAGAAGAAGAANGG,GAGGGCTAGCAGAAGCAGGGTGG
GAGTCCGAGCAGAAGAAGAANGG,GAATCAGAGCAGATAAACCAAGG
GAGTCCGAGCAGAAGAAGAANGG,GAGTGCCAGGAGAATAAAAAAGG
GAGTCCGAGCAGAAGAAGAANGG,GGGCAGGAGGGGAAGAAGAAAGG
GAGTCCGAGCAGAAGAAGAANGG,GAGACCCAGTAGGAGAACACAGG
GAGTCCGAGCAGAAGAAGAANGG,CATTCTGAGCATATGGAGAAGGG
GAGTCCGAGCAGAAGAAGAANGG,GAGTGGGAGCAGCAGTGGAAGGG
GAGTCCGAGCAGAAGAAGAANGG,CATCCCAAGCAGAAGAGGTATGG
GAGTCCGAGCAGAAGAAGAANGG,TAGTCAAAGAAGAGGAATAAGGG
GAGTCCGAGCAGAAGAAGAANGG,CAGGGCGAGAAGACGAAGGAGGG
GAGTCCGAGCAGAAGAAGAANGG,GAGACAGGGCAGAATGAAAAAGG
GAGTCCGAGCAGAAGAAGAANGG,GAGTGGTAGCAGATGGAGAAGGG
GAGTCCGAGCAGAAGAAGAANGG,GCGGCCGAGGGCAAGAGGAAGGG
GAGTCCGAGCAGAAGAAGAANGG,GATTCAGTTCAAGAGAAGAAAGG
GAGTCCGAGCAGAAGAAGAANGG,GAGCTTGAGCAAACAAAGAATGG
GAGTCCGAGCAGAAGAAGAANGG,GAGGGTGAGCAGAAGCAGGGTGG
GAGTCCGAGCAGAAGAAGAANGG,AAGTACAGGAAGAAGAGGAAGGG
GAGTCCGAGCAGAAGAAGAANGG,GAATCACAGCAGGAGGTGAAAGG
GAGTCCGAGCAGAAGAAGAANGG,CAATCATGGCAGAAGGAGAAGGG
GAGTCCGAGCAGAAGAAGAANGG,CAGTCTGAGCTGATGAGGGAAGG
GAGTCCGAGCAGAAGAAGAANGG,GAGTCCGAGTCCGAGAGGGACGG
GAGTCCGAGCAGAAGAAGAANGG,GAGGGTGAACAGAAGATGACTGG
GAGTCCGAGCAGAAGAAGAANGG,CAGTCATGGCAGAAGGTGAAAGG
GAGTCCGAGCAGAAGAAGAANGG,GAGGCCGAGCCAGAGATGATAGG
GAGTCCGAGCAGAAGAAGAANGG,GAGTTCTTGGAGAAGAAAGATGG
GAGTCCGAGCAGAAGAAGAANGG,GAGTGGGAGCAAAAGAAGTGGGG
GAGTCCGAGCAGAAGAAGAANGG,GAGGGCGAGCAAAAGTAGGGTGG
GAGTCCGAGCAGAAGAAGAANGG,TGGTCCCAGAAGAGAAAGAATGG
GAGTCCGAGCAGAAGAAGAANGG,GAGTGGGAGGAGGAGGAGGAAGG
GAGTCCGAGCAGAAGAAGAANGG,GAGCCCAGTGAGAAGTAGAAAGG
GAGTCCGAGCAGAAGAAGAANGG,GAGGGTGAGCAGAAGCAGGGTGG
GAGTCCGAGCAGAAGAAGAANGG,GAGGGCGAGCTGAAGCAGGGTGG
GAGTCCGAGCAGAAGAAGAANGG,AAGTCAGAGGAGTACAAAAAAGG
GAGTCCGAGCAGAAGAAGAANGG,GAGTCAAAATATATGAAGAATGG
GAGTCCGAGCAGAAGAAGAANGG,AACTCCGACAACAAGAATAATGG
GAGTCCGAGCAGAAGAAGAANGG,GAGACCTAGAAGAGGAAAAAAGG
GAGTCCGAGCAGAAGAAGAANGG,GAGTCAGAGGAGCAGCAAAATGG
GAGTCCGAGCAGAAGAAGAANGG,GGCTGAGAGGAGGAGAAGAAAGG
GAGTCCGAGCAGAAGAAGAANGG,CAGAAGGAGCTGAAGAAGCAGGG
GAGTCCGAGCAGAAGAAGAANGG,CATTACAAGCTGAAGAAGCAAGG
GAGTCCGAGCAGAAGAAGAANGG,CAGGGAGAGCAAAAGAAGAGAGG
GAGTCCGAGCAGAAGAAGAANGG,GGGGCAGAGCAGGAAAAGAGAGG
GAGTCCGAGCAGAAGAAGAANGG,GTGTCTGAGCTGGAGCTGAAAGG
GAGTCCGAGCAGAAGAAGAANGG,GGGGTCGAGCAGGTGAAGAGGGG
GAGTCCGAGCAGAAGAAGAANGG,GGGGAGGAGGAGAAGAAGAAAGG
GAGTCCGAGCAGAAGAAGAANGG,GAGTCTGAGCTGGAGGAGAGTGG
GAGTCCGAGCAGAAGAAGAANGG,GAGACAGAGAGGAAGAAGGTGGG
GAGTCCGAGCAGAAGAAGAANGG,GAGACAGAGAGGAAGAAGGTGGG
GAGTCCGAGCAGAAGAAGAANGG,GAGGACCGGCAGGAGAAGCAAGG
GAGTCCGAGCAGAAGAAGAANGG,GAGTCGAAGTAGAAGAGGATGGG
GAGTCCGAGCAGAAGAAGAANGG,GAAGCCCAGCTGAAGGAGCAGGG
GAGTCCGAGCAGAAGAAGAANGG,AGGTTGGAGAAGAAGAAGACAGG
GAGTCCGAGCAGAAGAAGAANGG,GAGGCCTAGGAGGGGAAGAATGG
GAGTCCGAGCAGAAGAAGAANGG,GAGACAGTGCAGAGAGAGAAGGG
GAGTCCGAGCAGAAGAAGAANGG,TAAACAAAGAAGAAGAAGAAAGG
GAGTCCGAGCAGAAGAAGAANGG,GAGACCTAGGAGAAAGAAAATGG
GAGTCCGAGCAGAAGAAGAANGG,AATTAAGAGCAGAAAAGGAAGGG
GAGTCCGAGCAGAAGAAGAANGG,GAGTACGAAAGAAAGAAGAAAGG
GAGTCCGAGCAGAAGAAGAANGG,GATGCCCAGCATATTAAGAAGGG
GAGTCCGAGCAGAAGAAGAANGG,GAGTCTGGGCTGAATGGGAAGGG
GAGTCCGAGCAGAAGAAGAANGG,GAGACAGAGGAGAAAGAGAAAGG
GAGTCCGAGCAGAAGAAGAANGG,GAGGAGGAGGAGAAGAGGGAGGG
GAGTCCGAGCAGAAGAAGAANGG,GAATGAGGGCAGAGGAAGAGAGG
GAGTCCGAGCAGAAGAAGAANGG,GAGGGCGAGCTGAAGCAGAGTGG
GAGTCCGAGCAGAAGAAGAANGG,AAATCCTATCAGCAGGAGAAAGG
GAGTCCGAGCAGAAGAAGAANGG,AAGTCAGCACAGAACAAGAGTGG
GAGTCCGAGCAGAAGAAGAANGG,GAGGAGGAGGAGGAGAAGCAGGG
GAGTCCGAGCAGAAGAAGAANGG,GAGAAAGAGAAGAAGAAGGGAGG
GAGTCCGAGCAGAAGAAGAANGG,GATTAGGCTCAGAAAAAGAAGGG
GAGTCCGAGCAGAAGAAGAANGG,GAGTGGGAAAGGAAGATGAAAGG
GAGTCCGAGCAGAAGAAGAANGG,GAATCAGGGCATAATATGAAGGG
GAGTCCGAGCAGAAGAAGAANGG,GAGGCCCAAGAGGAGCAGAAAGG
GAGTCCGAGCAGAAGAAGAANGG,GAGGCCCAAGAGGAGCAGAAAGG
GAGTCCGAGCAGAAGAAGAANGG,GAGTGGGAAAGGAAGATGAAAGG
GAGTCCGAGCAGAAGAAGAANGG,GATTAGGCTCAGAAAAAGAAGGG
GAGTCCGAGCAGAAGAAGAANGG,GAGTCAGGTGAGAAGAAGGGAGG
GAGTCCGAGCAGAAGAAGAANGG,GAGTCAAAGCAAAAGTGGATTGG
GAGTCCGAGCAGAAGAAGAANGG,GGGAAAGAGAAGAAGAAAAATGG
GAGTCCGAGCAGAAGAAGAANGG,AAGGAAGAGGAAAAGAAGAAAGG
GAGTCCGAGCAGAAGAAGAANGG,GTGACAGTGCAGAAAAAGAAGGG
GAGTCCGAGCAGAAGAAGAANGG,AAGGAAGAGGAAAAGAAGAAAGG
GAGTCCGAGCAGAAGAAGAANGG,AAGGAAGAGGAAAAGAAGAAAGG
GAGTCCGAGCAGAAGAAGAANGG,GAGGGAGGGAAGAGGAAGAAAGG
GAGTCCGAGCAGAAGAAGAANGG,GAGTCAGGTGAGAAGAAGGGAGG
GAGTCCGAGCAGAAGAAGAANGG,GAGTCAAAGCAAAAGTGGATTGG
GAGTCCGAGCAGAAGAAGAANGG,GAGAGCGAGAGGAAGGAGGAGGG
GAGTCCGAGCAGAAGAAGAANGG,GTGACAGTGCAGAAAAAGAAGGG
GAGTCCGAGCAGAAGAAGAANGG,GAGGGAGGGAAGAGGAAGAAAGG
GAGTCCGAGCAGAAGAAGAANGG,GCGGAAGAGCAGAAGGAGACTGG
GAGTCCGAGCAGAAGAAGAANGG,GAGGGAGGGAAGAGGAAGAAAGG
GAGTCCGAGCAGAAGAAGAANGG,GTGACAGTGCAGAAAAAGAAGGG
GAGTCCGAGCAGAAGAAGAANGG,GAGAGCGAGAGGAAGGAGGAGGG
GAGTCCGAGCAGAAGAAGAANGG,GGGAAAGAGAAGAAGAAAAATGG
GAGTCCGAGCAGAAGAAGAANGG,TAGATCAAGCAGAAAAGGAAAGG
GAGTCCGAGCAGAAGAAGAANGG,CAGGGCCAGCAAAGGAAGAATGG
GAGTCCGAGCAGAAGAAGAANGG,GATTAAGAGTAGAAGAGGAGAGG
GAGTCCGAGCAGAAGAAGAANGG,GATTAGGCTCAGAAAAAGAAGGG
GAGTCCGAGCAGAAGAAGAANGG,GAGTGGGAAAGGAAGATGAAAGG
GAGTCCGAGCAGAAGAAGAANGG,GAATCAGGGCATAATATGAAGGG
GAGTCCGAGCAGAAGAAGAANGG,GCGGAAGAGCAGAAGGAGACTGG
GAGTCCGAGCAGAAGAAGAANGG,CAGGCCAAGCTGAGTAAGAAGGG
GAGTCCGAGCAGAAGAAGAANGG,CAGTAAGAGAAGAAAGAGAAAGG
GAGTCCGAGCAGAAGAAGAANGG,GAATCCTAACTGGATAAGAAAGG
GAGTCCGAGCAGAAGAAGAANGG,GAGTTCTAAAGGAGGAAGAAAGG
GAGTCCGAGCAGAAGAAGAANGG,CAGTCATGGCAGAAGGTGAAGGG
GAGTCCGAGCAGAAGAAGAANGG,GAGTGTGTAAAGAAGAAGTAAGG
GAGTCCGAGCAGAAGAAGAANGG,GGATGAGAGTAGAAGAAGGAGGG
GAGTCCGAGCAGAAGAAGAANGG,GAGGGCAAGCAGAAGCAGGGAGG
GAGTCCGAGCAGAAGAAGAANGG,GAGGGTGAGCCAAAGAAGAGTGG
GAGTCCGAGCAGAAGAAGAANGG,TAGATCAAGCAGAAAAGGAAAGG
GAGTCCGAGCAGAAGAAGAANGG,GAGAGAAAGAAAAAGAAGAAAGG
GAGTCCGAGCAGAAGAAGAANGG,GATTAGGCTCAGAAAAAGAAGGG
GAGTCCGAGCAGAAGAAGAANGG,GAGTGGGAAAGGAAGATGAAAGG
GAGTCCGAGCAGAAGAAGAANGG,GAATCAGGGCATAATATGAAGGG
GAGTCCGAGCAGAAGAAGAANGG,GAGGCCCAAGAGGAGCAGAAAGG
GAGTCCGAGCAGAAGAAGAANGG,GAGGCCCAAGAGGAGCAGAAAGG
GAGTCCGAGCAGAAGAAGAANGG,GATTAGGCTCAGAAAAAGAAGGG
GAGTCCGAGCAGAAGAAGAANGG,GAGTGGGAAAGGAAGATGAAAGG
GAGTCCGAGCAGAAGAAGAANGG,GAGTCAGGTGAGAAGAAGGGAGG
GAGTCCGAGCAGAAGAAGAANGG,GAGTGGGAAGAGTAGAAGCAGGG
GAGTCCGAGCAGAAGAAGAANGG,GGGTACCAGGAGGAGAGGAACGG
GAGTCCGAGCAGAAGAAGAANGG,GAGTAAGAGAAAATGGAGAAGGG
GAGTCCGAGCAGAAGAAGAANGG,AAATCAGTGCAAAAGAGGAAGGG
GAGTCCGAGCAGAAGAAGAANGG,GGGTGATAGGAGAAGAAAAAGGG
GAGTCCGAGCAGAAGAAGAANGG,TAGGCAAAGCAGGAAAAGAAAGG
GAGTCCGAGCAGAAGAAGAANGG,GAGGCTGAGAGGCAGGAGAATGG
GAGTCCGAGCAGAAGAAGAANGG,AAGTCCTGGCAGGATAAGAAAGG
GAGTCCGAGCAGAAGAAGAANGG,GAGGGGGAGGAGAAGGAGAGAGG
GAGTCCGAGCAGAAGAAGAANGG,GAAGCAGAGGAGAGAAAGAATGG
GAGTCCGAGCAGAAGAAGAANGG,ATCTTCAAGCCGAAGAAGAAGGG
GAGTCCGAGCAGAAGAAGAANGG,GACCCCTACAAGGAGAAGAAAGG
GAGTCCGAGCAGAAGAAGAANGG,GAGTCAGAGAGAAAGAACTAAGG
GAGTCCGAGCAGAAGAAGAANGG,CTATTTGAGCAGAAAAAGAAAGG
GAGTCCGAGCAGAAGAAGAANGG,GAGTCCTGGCAAGAGCAGCAAGG
GAGTCCGAGCAGAAGAAGAANGG,GACTTCAAGAAGAAGTAGGAGGG
GAGTCCGAGCAGAAGAAGAANGG,GTGTCAGAAGAGAAGGAAAAGGG
GAGTCCGAGCAGAAGAAGAANGG,GAGGTGGAGAAGGAGAAGAGTGG
GAGTCCGAGCAGAAGAAGAANGG,GGCTCCAACCATAAGAAGATGGG
GAGTCCGAGCAGAAGAAGAANGG,CTGTCCCAGGAGAAGAGGGAAGG
GAGTCCGAGCAGAAGAAGAANGG,GAGGAGGAGGAAGAGAAGAAAGG
GAGTCCGAGCAGAAGAAGAANGG,GAGGAAGAGAAGAGGGAGAAAGG
GAGTCCGAGCAGAAGAAGAANGG,CCCCCAGAGCAGAAGCAGAAGGG
GAGTCCGAGCAGAAGAAGAANGG,TAGAGGGAGCAGAACAGGAATGG
GAGTCCGAGCAGAAGAAGAANGG,GATTGAGAGGAGCAGAAGGAGGG
GAGTCCGAGCAGAAGAAGAANGG,GAGGCCCAGCAGCAGCAGACTGG
GAGTCCGAGCAGAAGAAGAANGG,GAGTCCTAGAGGAAGAAGGCAGG
GAGTCCGAGCAGAAGAAGAANGG,AAGTCCCTGAAGTAGGAGAAGGG
GAGTCCGAGCAGAAGAAGAANGG,GAGGGTGAGCAGAAGCAGGGTGG
GAGTCCGAGCAGAAGAAGAANGG,GAGACCCAGCAGGGGAGGGAGGG
GAGTCCGAGCAGAAGAAGAANGG,GCTTCAGAGAAGGAGAAGCAGGG
GAGTCCGAGCAGAAGAAGAANGG,GAGTGGGGGGAGTAGAAGAAAGG
GAGTCCGAGCAGAAGAAGAANGG,GAGGGCAGGCAGAGGAAGGAGGG
GAGTCCGAGCAGAAGAAGAANGG,GAGTCCTGGATCATGAAGAAAGG
GAGTCCGAGCAGAAGAAGAANGG,GATTCCGAGAAGAGGAGGCGGGG
GAGTCCGAGCAGAAGAAGAANGG,GGGAGAGAGTAGGAGAAGAAAGG
GAGTCCGAGCAGAAGAAGAANGG,GAGTTTGTGCTGAAGAGGCAAGG
GAGTCCGAGCAGAAGAAGAANGG,AAGTGGGGGCAGAACAGGAAGGG
GAGTCCGAGCAGAAGAAGAANGG,GAGCCAGGCCAGAAGAAGGCAGG
GAGTCCGAGCAGAAGAAGAANGG,GACACCGAGTTAAAGAAGGAAGG
GAGTCCGAGCAGAAGAAGAANGG,GACTCCAAGTGGAAGAGAAATGG
GAGTCCGAGCAGAAGAAGAANGG,GGGGCCAAGGAGAGGGAGAAAGG
GAGTCCGAGCAGAAGAAGAANGG,GAGTCGGTGCCACTGAAGAAAGG
GAGTCCGAGCAGAAGAAGAANGG,GAGTCGGGGAGCAAGAAGGAGGG
GAGTCCGAGCAGAAGAAGAANGG,GTGTCCAACCAGGACAGGAAGGG
GAGTCCGAGCAGAAGAAGAANGG,GAGCCTGAGCAGGAGTGGGATGG
GAGTCCGAGCAGAAGAAGAANGG,GGGCCTCAGCAGAGGAAGCACGG
GAGTCCGAGCAGAAGAAGAANGG,AAGAAGGAGAAGAAGAGGAAGGG
GAGTCCGAGCAGAAGAAGAANGG,AACACCTGGAAGAAGAAGAAAGG
GAGTCCGAGCAGAAGAAGAANGG,GGGTCTGCCCAGCAGAAAAAGGG
GAGTCCGAGCAGAAGAAGAANGG,GATTCAAAGGGAAAGAAGAAGGG
GAGTCCGAGCAGAAGAAGAANGG,GAGACCGTGGAGAGGGAGAGGGG
GAGTCCGAGCAGAAGAAGAANGG,GAGTCCCAGTAGAGAAGGGATGG
GAGTCCGAGCAGAAGAAGAANGG,TAGACCAGACAGGAGAAGAATGG
GAGTCCGAGCAGAAGAAGAANGG,GAGGCTGGGAAGAAGAAGGGAGG
GAGTCCGAGCAGAAGAAGAANGG,GAATGTGAGCAGAAGACGTTCGG
GAGTCCGAGCAGAAGAAGAANGG,GAGAGCGAGCAGGAGGAGTTGGG
GAGTCCGAGCAGAAGAAGAANGG,GAGAAGAAGAGGAAGAAGAAGGG
GAGTCCGAGCAGAAGAAGAANGG,GAGACCCAGCAACAGAAGGCAGG
GAGTCCGAGCAGAAGAAGAANGG,GAGTCCCAGAGGAGGGAGAAAGG
GAGTCCGAGCAGAAGAAGAANGG,GGGGGTGAGCAGGAGAAGAAAGG
GAGTCCGAGCAGAAGAAGAANGG,GTAACCAAGCTGAAGAAGATGGG
GAGTCCGAGCAGAAGAAGAANGG,GAGTGTGAGCAGCAGATGTAGGG
GAGTCCGAGCAGAAGAAGAANGG,CAGTCATAGCAGAAGGCAAAGGG
GAGTCCGAGCAGAAGAAGAANGG,GAGACAGAGAAGAAGGAGGCTGG
GAGTCCGAGCAGAAGAAGAANGG,GAATGCTAGAAAAAGAAGAATGG
GAGTCCGAGCAGAAGAAGAANGG,CAGTCAGAGCAGAAGGCAAAGGG
GAGTCCGAGCAGAAGAAGAANGG,GACTCTGAGAAGCAAAATAAAGG
GAGTCCGAGCAGAAGAAGAANGG,GAGAACATACAGAAGAAGAGTGG
GAGTCCGAGCAGAAGAAGAANGG,CAATCATAGCAGAAGGTGAAGGG
GAGTCCGAGCAGAAGAAGAANGG,GAGGGTGAGCAGAAGCCAAATGG
GAGTCCGAGCAGAAGAAGAANGG,AAGGGAAAACAGAAGAAGAATGG
GAGTCCGAGCAGAAGAAGAANGG,AAGTCGGAACTGAAGAAGCAAGG
GAGTCCGAGCAGAAGAAGAANGG,GAGTCAGAACTGAAACGGAAAGG
GAGTCCGAGCAGAAGAAGAANGG,GAGTCATAGCAGAAATCAAAGGG
GAGTCCGAGCAGAAGAAGAANGG,GATTCCCAGAAAATGAATAAAGG
GAGTCCGAGCAGAAGAAGAANGG,GAGGAGGAACAGGAGAAGATGGG
GAGTCCGAGCAGAAGAAGAANGG,CAGTCATGGCAGAAGGTGAAGGG
GAGTCCGAGCAGAAGAAGAANGG,GAGAGCAAGCAGAAACAGGATGG
GAGTCCGAGCAGAAGAAGAANGG,GAGGCAGAGCATGAGAAAATAGG
GAGTCCGAGCAGAAGAAGAANGG,AAGAGCGAGCAGAAGTAGGGTGG
GAGTCCGAGCAGAAGAAGAANGG,TAGTATGGGAAGAGGAAGAAAGG
GAGTCCGAGCAGAAGAAGAANGG,GGCTGTGTGCAGAAGTAGAAAGG
GAGTCCGAGCAGAAGAAGAANGG,AAATAAAAGGAGAAGAAGAAAGG
GAGTCCGAGCAGAAGAAGAANGG,GAATATGAGCAAAAAAAAAAAGG
GAGTCCGAGCAGAAGAAGAANGG,GAATCATGGCAGAAGGTGAAAGG
GAGTCCGAGCAGAAGAAGAANGG,GTGGACAAGCAGAGGAAGCAGGG
GAGTCCGAGCAGAAGAAGAANGG,GAGAAAGAGGAGAATAAAAAAGG
GAGTCCGAGCAGAAGAAGAANGG,GAAACGGAGAGGAAAAAGAATGG
GAGTCCGAGCAGAAGAAGAANGG,GAGAAGGGGCAGAAGATGAGAGG
GAGTCCGAGCAGAAGAAGAANGG,TGGTCAGGGCAGAAGATAAAGGG
GAGTCCGAGCAGAAGAAGAANGG,GAATCCATCAAGCAGAAGAAAGG
GAGTCCGAGCAGAAGAAGAANGG,GACACCGAGTTAAAGAAGGAAGG
GAGTCCGAGCAGAAGAAGAANGG,GAGTCTGACAAAAATATGAAAGG
GAGTCCGAGCAGAAGAAGAANGG,GAGTCCAGGCAGATGAACTCTGG
GAGTCCGAGCAGAAGAAGAANGG,GAGTCCCCTCGGTAGAAGCAGGG
GAGTCCGAGCAGAAGAAGAANGG,GAGTCAGAGAGGGACAAGGATGG
GAGTCCGAGCAGAAGAAGAANGG,GAGGCCGAGGGGTGGAAGACAGG
GAGTCCGAGCAGAAGAAGAANGG,GGGTCCTATAAGGAGAAGGAAGG
GAGTCCGAGCAGAAGAAGAANGG,GAGAGCGAGCAGAAGCAAGATGG
GAGTCCGAGCAGAAGAAGAANGG,CAGTGTGAGCAGGTTAAGAAGGG
GAGTCCGAGCAGAAGAAGAANGG,GAGTCACAGCAGAGTGAGGAGGG
GAGTCCGAGCAGAAGAAGAANGG,TACTCACAGCAGAAGGTGAAGGG
GAGTCCGAGCAGAAGAAGAANGG,GAGTAAGAACAGAGAATGAAGGG
GAGTCCGAGCAGAAGAAGAANGG,GGGTCACAGCAGAGGGAGAGAGG
GAGTCCGAGCAGAAGAAGAANGG,GGCTCTGAGCAAAAGATGCAGGG
GAGTCCGAGCAGAAGAAGAANGG,GAGGCTTCGAGGAAGAAGAAGGG
GAGTCCGAGCAGAAGAAGAANGG,GTGTCCTACCAGCAGATGAAGGG
GAGTCCGAGCAGAAGAAGAANGG,GAATGAGAGGAGAAGAAAAGAGG
GAGTCCGAGCAGAAGAAGAANGG,GAGTGATAGTAGAAGTAGATGGG
GAGTCCGAGCAGAAGAAGAANGG,GCGTCCAAGCAGAACAGTCAAGG
GAGTCCGAGCAGAAGAAGAANGG,GAGTGTGAGCTGAAGCAGGGTGG
GAGTCCGAGCAGAAGAAGAANGG,CAATCTGAACAGAAGCAGAAAGG
GAGTCCGAGCAGAAGAAGAANGG,TAGTCCATGGAGAAGAAAAGGGG
GAGTCCGAGCAGAAGAAGAANGG,AAGAGCCAGCAGAAAAGGAAAGG
GAGTCCGAGCAGAAGAAGAANGG,GAGGGCGAGCAGAAGCAGGGTGG
GAGTCCGAGCAGAAGAAGAANGG,AAGTAAGGGAAGAAAAAGAAGGG
GAGTCCGAGCAGAAGAAGAANGG,GCTTCTGAGCAGAACAAGAAAGG
GAGTCCGAGCAGAAGAAGAANGG,GAGGACGAGAAGGAGGAGAGGGG
GAGTCCGAGCAGAAGAAGAANGG,CAGTCATGGCAGAAGGTGAAGGG
GAGTCCGAGCAGAAGAAGAANGG,CAGTGGGAGGAGAGGAAGGATGG
GAGTCCGAGCAGAAGAAGAANGG,GGGGCAGAGGAGAAGAAAACAGG
GAGTCCGAGCAGAAGAAGAANGG,CAGTCCAAGCAAAAGCAGTCAGG
GAGTCCGAGCAGAAGAAGAANGG,GAGTGAGAGCAGAGAGAGTAGGG
GAGTCCGAGCAGAAGAAGAANGG,GAGTCAAGCAAGAGGAAGAAAGG
GAGTCCGAGCAGAAGAAGAANGG,GAGACACGTCAGAAGCAGAATGG
GAGTCCGAGCAGAAGAAGAANGG,AAGTCCTAGGAGAATACGAGTGG
GAGTCCGAGCAGAAGAAGAANGG,CAGTCTGAGAAGATGATGAGTGG
GAGTCCGAGCAGAAGAAGAANGG,AAGTCCAAAAAGAACATGAAAGG
GAGTCCGAGCAGAAGAAGAANGG,GGGGCAGAGCATAAGGATAAAGG
GAGTCCGAGCAGAAGAAGAANGG,GAGGAAGAGGAGATTAAGAATGG
GAGTCCGAGCAGAAGAAGAANGG,GAGTGGGAGCTGAAGCAGAAAGG
GAGTCCGAGCAGAAGAAGAANGG,GGGTCTGTGAAGGTGAAGAAAGG
GAGTCCGAGCAGAAGAAGAANGG,AAGGAGAAGAAGAAGAAGAAAGG
GAGTCCGAGCAGAAGAAGAANGG,GAGGGCGAGCAGAAGCAGAGTGG
GAGTCCGAGCAGAAGAAGAANGG,GAGTCCTAGATGAAAATCAAGGG
GAGTCCGAGCAGAAGAAGAANGG,GACTCCCAAAGGAAGAAGGATGG
GAGTCCGAGCAGAAGAAGAANGG,GGGTCTGAATAGAACAAAAAAGG
GAGTCCGAGCAGAAGAAGAANGG,GAATCCAGGGAGGAGACGAAAGG
GAGTCCGAGCAGAAGAAGAANGG,CTGTACGAGCAGTGGAAGAAGGG
GAGTCCGAGCAGAAGAAGAANGG,GAGAGAGTGCAGAGCAAGAAAGG
GAGTCCGAGCAGAAGAAGAANGG,CAGGGTGAGTAGAAGAAGAGGGG
GAGTCCGAGCAGAAGAAGAANGG,GAGGGTGAGCAGAAGCAGGGTGG
GAGTCCGAGCAGAAGAAGAANGG,GATCCAGAGATGAAAAAGAAAGG
GAGTCCGAGCAGAAGAAGAANGG,AGGTCAGAGCAGAACCAGGAAGG
GAGTCCGAGCAGAAGAAGAANGG,CAGTCCTAGCAGGACAGGACTGG
GAGTCCGAGCAGAAGAAGAANGG,GACACCGAGTTAAAGAAGGAAGG
GAGTCCGAGCAGAAGAAGAANGG,GAGTTAGTGCATGGGAAGAAAGG
GAGTCCGAGCAGAAGAAGAANGG,CAGTCCTACCTAAAGAAAAATGG
GAGTCCGAGCAGAAGAAGAANGG,GAATTCTAGAAGATGAAGTAGGG
GAGTCCGAGCAGAAGAAGAANGG,AGGTCCCAGCTGAAGGATAAAGG
GAGTCCGAGCAGAAGAAGAANGG,AAGTCTGAGAAGAGGTAGAGAGG
GAGTCCGAGCAGAAGAAGAANGG,CAGATTGTGCAGAAGAAGCAGGG
GAGTCCGAGCAGAAGAAGAANGG,GAGGGCGAGCAGAAGCAGGGTGG
GAGTCCGAGCAGAAGAAGAANGG,GAGGGCAAGCAGAAGCAGGGTGG
GAGTCCGAGCAGAAGAAGAANGG,AAGAGTGAGCAGAAGAGTAAAGG
GAGTCCGAGCAGAAGAAGAANGG,GAGACTGAGATGGAGGAGAAAGG
GAGTCCGAGCAGAAGAAGAANGG,GAAGCCAATCAGACGAAGAGTGG
GAGTCCGAGCAGAAGAAGAANGG,TATTCAGAACAAAGGAAGAATGG
GAGTCCGAGCAGAAGAAGAANGG,GAGGAGGAGGAGAAACAGAAGGG
GAGTCCGAGCAGAAGAAGAANGG,CAGTTTGAGTAGAAGAGGTAGGG
GAGTCCGAGCAGAAGAAGAANGG,GTGACAGAGGAGAAGGAGGAGGG
GAGTCCGAGCAGAAGAAGAANGG,GAGTCCAAGTAGCAAAAGCATGG
GAGTCCGAGCAGAAGAAGAANGG,ACGCCCATGCAGAAAAAGAAGGG
GAGTCCGAGCAGAAGAAGAANGG,GAGAAAGAGGAGAAGCAGGAGGG
GAGTCCGAGCAGAAGAAGAANGG,GAAAAGGAGGGGAAGAAGAAGGG
GAGTCCGAGCAGAAGAAGAANGG,GAGAGGAAGCTGCAGAAGAAAGG
GAGTCCGAGCAGAAGAAGAANGG,GACACCAAGTTGAAGAAGGAAGG
GAGTCCGAGCAGAAGAAGAANGG,CAGCAGGAGCAGAAGCAGACAGG
GAGTCCGAGCAGAAGAAGAANGG,GACTCGGAGCAGCAGCAGAAGGG
GAGTCCGAGCAGAAGAAGAANGG,GACTCTGAAAAGAAAAACAAAGG
GAGTCCGAGCAGAAGAAGAANGG,GAGTCTGAGCAGAGCTGGGATGG
GAGTCCGAGCAGAAGAAGAANGG,GATGCTGTGCGGAAGGAGAAAGG
GAGTCCGAGCAGAAGAAGAANGG,TAGGCCGAGAGGAGGACGAAGGG
GAGTCCGAGCAGAAGAAGAANGG,GTGTCCTAGCAAAAAAAGCCTGG
GAGTCCGAGCAGAAGAAGAANGG,CAATCATAGCAGAAGGCGAAGGG
GAGTCCGAGCAGAAGAAGAANGG,GAGTCTGAAGTGCAGAGGAATGG
GAGTCCGAGCAGAAGAAGAANGG,CAGTCATGGCAGAAGGTGAAGGG
GAGTCCGAGCAGAAGAAGAANGG,GAGTAGAACAAGCAGAAGAAAGG
GAGTCCGAGCAGAAGAAGAANGG,GGGTTCTTGGTGAAGAAGAAGGG
GAGTCCGAGCAGAAGAAGAANGG,GGGTCAGAGGAGGAGAAGTGAGG
GAGTCCGAGCAGAAGAAGAANGG,TATTCCAAACAATAGAAGAAAGG
GAGTCCGAGCAGAAGAAGAANGG,GAGTGCGATAGGAAGGAGAGGGG
GAGTCCGAGCAGAAGAAGAANGG,GAGTCTGAGCCTAAGGAGCAAGG
GAGTCCGAGCAGAAGAAGAANGG,GAGGATGAGCAGATGTAGAGGGG
GAGTCCGAGCAGAAGAAGAANGG,GATTCTGAGGGGAAAAAGAGAGG
GAGTCCGAGCAGAAGAAGAANGG,GAGAAGGAAAGGAAGAAGAAAGG
GAGTCCGAGCAGAAGAAGAANGG,AAGCCTGAGCAAAAAAAGATGGG
GAGTCCGAGCAGAAGAAGAANGG,GACACTGAGAAGAAACAGAAGGG
GAGTCCGAGCAGAAGAAGAANGG,TAATGCGAGCACAAGGAGAAAGG
GAGTCCGAGCAGAAGAAGAANGG,GAGTAGGGAAAGAAGAATAAGGG
GAGTCCGAGCAGAAGAAGAANGG,CAATCATAGCAGAAGGTGAAGGG
GAGTCCGAGCAGAAGAAGAANGG,CAGTCATGGCAGAAGGTGAAGGG
GAGTCCGAGCAGAAGAAGAANGG,GATGCCGAGCTGAAGCTGGACGG
GAGTCCGAGCAGAAGAAGAANGG,GAAAGGGAGCCTAAGAAGAAAGG
GAGTCCGAGCAGAAGAAGAANGG,GAGTGTAAGCAAAAGGAGAAAGG
GAGTCCGAGCAGAAGAAGAANGG,CGTTCAGAGCAGAATGAGAAAGG
GAGTCCGAGCAGAAGAAGAANGG,GAGTGGGAGGGAAGGAAGAAAGG
GAGTCCGAGCAGAAGAAGAANGG,TAGTCTGATCACATGATGAAAGG
GAGTCCGAGCAGAAGAAGAANGG,GAGTGAGAGTAGAAGAGATAAGG
GAGTCCGAGCAGAAGAAGAANGG,GAGATGGAGCAGCTGGAGAAGGG
GAGTCCGAGCAGAAGAAGAANGG,GAGGCAGACTAGAAGAAGACAGG
GAGTCCGAGCAGAAGAAGAANGG,GAGCCCAAGCAATAGCAGTAAGG
GAGTCCGAGCAGAAGAAGAANGG,GTTTCCAGGCAGATGGAGAAGGG
GAGTCCGAGCAGAAGAAGAANGG,CAGGACAAACAGATGAAGAAAGG
GAGTCCGAGCAGAAGAAGAANGG,GACACCGTCCACAAGAAGAGGGG
GAGTCCGAGCAGAAGAAGAANGG,CAGCCCCAGCTGGAGAAGGAAGG
GAGTCCGAGCAGAAGAAGAANGG,CATCCCTAGGAGCAGAAGAATGG
GAGTCCGAGCAGAAGAAGAANGG,GAGGGCGAGCTGAAGGAGGGTGG
GAGTCCGAGCAGAAGAAGAANGG,GAGACGGAGAGAAAGAAGGAAGG
GAGTCCGAGCAGAAGAAGAANGG,GTGGAGGAGCAGTAGGAGAATGG
GAGTCCGAGCAGAAGAAGAANGG,GAGTCCAAGAAGAAGAAGCCAGG
GAGTCCGAGCAGAAGAAGAANGG,GATGCCGAGCTGAAGCTGGACGG
GAGTCCGAGCAGAAGAAGAANGG,GAGTGTGAGCTGAAGCAGGGCGG
GAGTCCGAGCAGAAGAAGAANGG,GAGTTGGATTAGAAGAGGCAAGG
GAGTCCGAGCAGAAGAAGAANGG,TACCCAGAGCACAAGAAGAAAGG
GAGTCCGAGCAGAAGAAGAANGG,AAGTCTGAATAGATCAAGAATGG
GAGTCCGAGCAGAAGAAGAANGG,AGGTGTGAGCAGAAGCAGAAAGG
GAGTCCGAGCAGAAGAAGAANGG,GGGTGCCAAGAGAAGAAGGAAGG
GAGTCCGAGCAGAAGAAGAANGG,GAGTGGGACCAGTAAAACAATGG
GAGTCCGAGCAGAAGAAGAANGG,GGGGACGGGAAGAAGAAGGAGGG
GAGTCCGAGCAGAAGAAGAANGG,GAGCCCTAGAGGAAGAACAGAGG
GAGTCCGAGCAGAAGAAGAANGG,CAGTCCCAGGAGGAGCAGGAGGG
GAGTCCGAGCAGAAGAAGAANGG,GAGTGGGAGCAGCAGGGGAGGGG
GAGTCCGAGCAGAAGAAGAANGG,GAGTGGGAGAAGCAGAAAAGAGG
GAGTCCGAGCAGAAGAAGAANGG,AAGCCCCAGAAGAGAAAGAAGGG
GAGTCCGAGCAGAAGAAGAANGG,GAGCAAGAGCTGAAGGAGGAAGG
GAGTCCGAGCAGAAGAAGAANGG,GAGAGGGAGGAGAAGAGGAGTGG
GAGTCCGAGCAGAAGAAGAANGG,GAGTGAGCCCAGATGAACAATGG
GAGTCCGAGCAGAAGAAGAANGG,GAGGGTGAGCAGAAGCAGGGTGG
GAGTCCGAGCAGAAGAAGAANGG,GCATCCCAGTACAAGTAGAAAGG
GAGTCCGAGCAGAAGAAGAANGG,AGGTCCCAGCAGAAGAGAGATGG
GAGTCCGAGCAGAAGAAGAANGG,GAGTCCCTGCAGGTGAAGGGAGG
GAGTCCGAGCAGAAGAAGAANGG,CAGTCCAAACAGATTAAGACAGG
GAGTCCGAGCAGAAGAAGAANGG,TAGTCAGAGCCAAGGATGAAGGG
GAGTCCGAGCAGAAGAAGAANGG,GAGTCAGAGAAGGAGATGTGAGG
GAGTCCGAGCAGAAGAAGAANGG,CAACCTGATCAGAAGCAGAAGGG
GAGTCCGAGCAGAAGAAGAANGG,GAGTGCTGGCAAAAGAACCATGG
GAGTCCGAGCAGAAGAAGAANGG,GATGAAAAGAAGAAGAAGAAAGG
GAGTCCGAGCAGAAGAAGAANGG,GAATAAAAACAGAGGAAGAAAGG
GAGTCCGAGCAGAAGAAGAANGG,GATGGGGAGGAGAAGAAGGAAGG
GAGTCCGAGCAGAAGAAGAANGG,CAGCTGGAGAAGAGGAAGAAGGG
GAGTCCGAGCAGAAGAAGAANGG,AACTCTGAACATAAGAAAAAGGG
GAGTCCGAGCAGAAGAAGAANGG,AATACAGAGCAGAAGAAGAATGG
GAGTCCGAGCAGAAGAAGAANGG,GACACAAAAGAGAAGAAGAAAGG
GAGTCCGAGCAGAAGAAGAANGG,CACTCTGAGGAGAAGAAGAAAGG
GAGTCCGAGCAGAAGAAGAANGG,GAGTCCTGGCAGAACAAAGAAGG
GAGTCCGAGCAGAAGAAGAANGG,GATTACAAGAACAGGAAGAAAGG
GAGTCCGAGCAGAAGAAGAANGG,GAGAACAAGAAAAAGAAGGAAGG
GAGTCCGAGCAGAAGAAGAANGG,GAGCCCTATCAGAGGGTGAACGG
GAGTCCGAGCAGAAGAAGAANGG,GAGTAGGAGGAGATGAAGTAGGG
GAGTCCGAGCAGAAGAAGAANGG,GAGGGCAAGCTGAAGCAGAGTGG
GAGTCCGAGCAGAAGAAGAANGG,TTGTACTATCAGAGGAAGAAGGG
GAGTCCGAGCAGAAGAAGAANGG,GAGAAGGTGAAGAAGAAGCAAGG
GAGTCCGAGCAGAAGAAGAANGG,GAGGCAGAGGGGAAAAAGCAGGG
GAGTCCGAGCAGAAGAAGAANGG,GAGTTGGGGCTGAAGTGGAAGGG
GAGTCCGAGCAGAAGAAGAANGG,AAATGTGAGCAGAAGACTAATGG
GAGTCCGAGCAGAAGAAGAANGG,GAGGCAGGCAAGAAGTAGAAAGG
GAGTCCGAGCAGAAGAAGAANGG,GTGTCCAGGAAGAAGAGGAATGG
GAGTCCGAGCAGAAGAAGAANGG,GAATGCTAGCAGAAGAACACAGG
GAGTCCGAGCAGAAGAAGAANGG,GAGACTGAGGAGAATAATGAAGG
GAGTCCGAGCAGAAGAAGAANGG,GTCTTCTAGAAGAGGAAGAATGG
GAGTCCGAGCAGAAGAAGAANGG,GAGTGCAAAGAGACAAAGAAAGG
GAGTCCGAGCAGAAGAAGAANGG,GAGACAGAGAAAAAGAGGAAAGG
GAGTCCGAGCAGAAGAAGAANGG,GACTCCATACAGCAGAGGAAAGG
GAGTCCGAGCAGAAGAAGAANGG,GAGGGCAAGCAGAAGCAGGGTGG
GAGTCCGAGCAGAAGAAGAANGG,GAGTAAGTGTAGAAGAAAAAAGG
GAGTCCGAGCAGAAGAAGAANGG,GACACCGAGTTAAAGAAGGAAGG
GAGTCCGAGCAGAAGAAGAANGG,CAGGCAGAGAAGTAGATGAAGGG
GAGTCCGAGCAGAAGAAGAANGG,TAGCCAGAACAGAAGAAAAAGGG
GAGTCCGAGCAGAAGAAGAANGG,CAGTCCCCTGGGAAGAAGAAAGG
GAGTCCGAGCAGAAGAAGAANGG,GAGTCCCAGCAAAAAGTGGAAGG
GAGTCCGAGCAGAAGAAGAANGG,CAGTCTGAACAGCAGAAAGAGGG
GAGTCCGAGCAGAAGAAGAANGG,CAGTATGAGTAGAATAAAAAAGG
GAGTCCGAGCAGAAGAAGAANGG,GAAACCAAGAAGTAGAGGAAGGG
GAGTCCGAGCAGAAGAAGAANGG,CAATCACAGCAGAAGGTGAAAGG
GAGTCCGAGCAGAAGAAGAANGG,GATTCAGTGGAGAAGGAGACAGG
GAGTCCGAGCAGAAGAAGAANGG,TGGCCAGAGCAGTAGAAAAAGGG
GAGTCCGAGCAGAAGAAGAANGG,AAAACCCAGCAGAAGGTGAAGGG
GAGTCCGAGCAGAAGAAGAANGG,TACTCCTGGAAGAAGAACAATGG
GAGTCCGAGCAGAAGAAGAANGG,AAGTCCTAGCCACAGAAGAAAGG
GAGTCCGAGCAGAAGAAGAANGG,TATTCCTAGAAGATGAAAAATGG
GAGTCCGAGCAGAAGAAGAANGG,GAGTCCCTGAGGCAGGAGAATGG
GAGTCCGAGCAGAAGAAGAANGG,GAGACGGAGGGGAGGGAGAAAGG
GAGTCCGAGCAGAAGAAGAANGG,GAGTGGGATTAGAAGAATTAGGG
GAGTCCGAGCAGAAGAAGAANGG,AAGTCCTAGCAGAAGCAACCAGG
GAGTCCGAGCAGAAGAAGAANGG,TAATCTATGCAGAACAAGAAAGG
GAGTCCGAGCAGAAGAAGAANGG,CATTCCGATGAGATTAAGAAAGG
GAGTCCGAGCAGAAGAAGAANGG,GTGTAGAAGCTAAAGAAGAATGG
GAGTCCGAGCAGAAGAAGAANGG,GAGTAGGAGGTGAAGGAGAGTGG
GAGTCCGAGCAGAAGAAGAANGG,GTGTAAGAGTTGAAGAAGGAAGG
GAGTCCGAGCAGAAGAAGAANGG,GAGTCAGAGCATAATACTAATGG
GAGTCCGAGCAGAAGAAGAANGG,GAGGGAGAGCGGCAGAAGGAAGG
GAGTCCGAGCAGAAGAAGAANGG,CAATCATGGCAGAAGATGAAGGG
GAGTCCGAGCAGAAGAAGAANGG,GATGCCGAGCTGAAGCTGGACGG
GAGTCCGAGCAGAAGAAGAANGG,GAGTCTGAGAAGATCAAAATCGG
GAGTCCGAGCAGAAGAAGAANGG,GAGGCGGGGCAAAAGAAGAGGGG
GAGTCCGAGCAGAAGAAGAANGG,GAGCCCAAGTAGAAGAAATATGG
GAGTCCGAGCAGAAGAAGAANGG,TAATCCTATCAGAAGCTGAATGG
GAGTCCGAGCAGAAGAAGAANGG,GAGTGCTTGTAGATGAAGAAGGG
GAGTCCGAGCAGAAGAAGAANGG,GAAAAGTGGCAGAAGAAGAACGG
GAGTCCGAGCAGAAGAAGAANGG,GAATTCCAGAAGAACATGAATGG
GAGTCCGAGCAGAAGAAGAANGG,GAATTTGAGCGGGATAAGAAAGG
GAGTCCGAGCAGAAGAAGAANGG,GAATCTGTGCAAAAGAAAAATGG
GAGTCCGAGCAGAAGAAGAANGG,AAGACAGTGTAGAAGAAGAGAGG
GAGTCCGAGCAGAAGAAGAANGG,GAGTAGAAACAGCAGAAGAGAGG
GAGTCCGAGCAGAAGAAGAANGG,GAGGCCTAGGAGGAAAAAAATGG
GAGTCCGAGCAGAAGAAGAANGG,GGGTGAGAGAAGATCAAGAAGGG
GAGTCCGAGCAGAAGAAGAANGG,GGGTGAGAGGAGCAGAAGAAAGG
GAGTCCGAGCAGAAGAAGAANGG,CTGTCTGAGGTGAAGCAGAAAGG
GAGTCCGAGCAGAAGAAGAANGG,AAGTTAGTAGAGAAGAAGAATGG
GAGTCCGAGCAGAAGAAGAANGG,GGGTTGGAGCTGAGGAAGAGAGG
GAGTCCGAGCAGAAGAAGAANGG,TTGATCTGGCAGAAGAAGAAAGG
GAGTCCGAGCAGAAGAAGAANGG,AAGTCATAATAAAAGAAGAAAGG
GAGTCCGAGCAGAAGAAGAANGG,GAGTCTGTGCCAAGGAAAAATGG
GAGTCCGAGCAGAAGAAGAANGG,AAGTGAGAGGATGAGAAGAAGGG
GAGTCCGAGCAGAAGAAGAANGG,GAGTTTGATGAGAGGAAAAAAGG
GAGTCCGAGCAGAAGAAGAANGG,GAGGATGAGTAGAGCAAGAATGG
GAGTCCGAGCAGAAGAAGAANGG,GAGTGTCAAAAGAAAAAGAAAGG
GAGTCCGAGCAGAAGAAGAANGG,TAGGCTAAGGAGAAGTAGAAAGG
GAGTCCGAGCAGAAGAAGAANGG,GAGAGCGAGCTGAAGCAGGGTGG
GAGTCCGAGCAGAAGAAGAANGG,GAGTGTGAGAGGCAGGAGAAAGG
GAGTCCGAGCAGAAGAAGAANGG,GAGAGAGAACAGCAGAATAAGGG
GAGTCCGAGCAGAAGAAGAANGG,GTGTCGGATGAGGAGATGAAGGG
GAGTCCGAGCAGAAGAAGAANGG,AAGTGCAAGGAGAATAAGATGGG
GAGTCCGAGCAGAAGAAGAANGG,GTGCCCGTTCAAAAGAGGAAGGG
GAGTCCGAGCAGAAGAAGAANGG,AAGTGCATGGAGAAAAAGAAGGG
GAGTCCGAGCAGAAGAAGAANGG,GATAATGAGCTGGAGAAGAATGG
GAGTCCGAGCAGAAGAAGAANGG,GACCCTGAGTAAAAGAGGAAGGG
GAGTCCGAGCAGAAGAAGAANGG,GAGTCCGAGAACACCATAAAAGG
GAGTCCGAGCAGAAGAAGAANGG,GAGGAAGAGCAGCAGCAGCAGGG
GAGTCCGAGCAGAAGAAGAANGG,GATACAGAGCAGTGGAAGGAGGG
GAGTCCGAGCAGAAGAAGAANGG,CATGCTGAGCAGGAGAAGGAGGG
GAGTCCGAGCAGAAGAAGAANGG,GAGCCAGAAGAGAGGAAGAAAGG
GAGTCCGAGCAGAAGAAGAANGG,GCAGCTGAGCAGAAGAGCAAGGG
GAGTCCGAGCAGAAGAAGAANGG,CAGTCCTAGTAAAAGAGCAAAGG
GAGTCCGAGCAGAAGAAGAANGG,AGCTCCGAGCAGAGGAAGGAGGG
GAGTCCGAGCAGAAGAAGAANGG,GTGTGAGAGCAGAGGAAAAATGG
GAGTCCGAGCAGAAGAAGAANGG,AAGGCCAAGCAGAAGCATTAGGG
GAGTCCGAGCAGAAGAAGAANGG,GAGTTATGGCAGAAAAAGCATGG
GAGTCCGAGCAGAAGAAGAANGG,GGGTGCCAGGAGAAGAGGTATGG
GAGTCCGAGCAGAAGAAGAANGG,AAGTACGAACAGAAAGGGAAAGG
GAGTCCGAGCAGAAGAAGAANGG,AAATCTGAGCAGAAGGAGGGTGG
GAGTCCGAGCAGAAGAAGAANGG,GAGGAAGCCCAGAAAAAGAAAGG
GAGTCCGAGCAGAAGAAGAANGG,GAGTTCACGTAGAGCAAGAAGGG
GAGTCCGAGCAGAAGAAGAANGG,GAGCCAGGGGAGAAGAAAGAAGG
GAGTCCGAGCAGAAGAAGAANGG,AGGTAGAAGGAGAAGAAGAAGGG
GAGTCCGAGCAGAAGAAGAANGG,GAGAGAGAGCAGCAAAAAAAGGG
GAGTCCGAGCAGAAGAAGAANGG,GCAGCTGAGCAGGAAAAGAAAGG
GAGTCCGAGCAGAAGAAGAANGG,GTGTCCAAACAGCAGCAGGAAGG
GAGTCCGAGCAGAAGAAGAANGG,TGGTCCAGGGAGCAGAAGAAGGG
GAGTCCGAGCAGAAGAAGAANGG,GAGGAGGAGCAGATTATGAAAGG
GAGTCCGAGCAGAAGAAGAANGG,AAGTGTGGGCAGAAGGAGGAAGG
GAGTCCGAGCAGAAGAAGAANGG,TGGGCTGAGCATAAGCAGAAAGG
GAGTCCGAGCAGAAGAAGAANGG,GAGAGAGAGAAGAAAAAAAATGG
GAGTCCGAGCAGAAGAAGAANGG,GAAGGGGAGAAAAAGAAGAAAGG
GAGTCCGAGCAGAAGAAGAANGG,GAGGAAGATTAGAAAAAGAAAGG
GAGTCCGAGCAGAAGAAGAANGG,CAGTCCAAGAAAAAAAAAAAAGG
GAGTCCGAGCAGAAGAAGAANGG,GAGCCAGAACAGGAGAGAAAAGG
GAGTCCGAGCAGAAGAAGAANGG,CACACAGAGCAGAAGGAGACTGG
GAGTCCGAGCAGAAGAAGAANGG,ATGTCCGAGGTGAAGACAAAGGG
GAGTCCGAGCAGAAGAAGAANGG,GGTTCCCAGAGGATGAAGAAAGG
GAGTCCGAGCAGAAGAAGAANGG,GACTGCGAGCACCAGTAGAGTGG
GAGTCCGAGCAGAAGAAGAANGG,GGGTGACAGCAGAAGAGGCAGGG
GAGTCCGAGCAGAAGAAGAANGG,GAGACAGAGCCTGGGAAGAAAGG
GAGTCCGAGCAGAAGAAGAANGG,GGGTGGGAGCAGCTGATGAAGGG
GAGTCCGAGCAGAAGAAGAANGG,AAGTGCCAGAAGAAGAAGGCCGG
GAGTCCGAGCAGAAGAAGAANGG,GAGGCCAAGCAGAGGCAGCCAGG
GAGTCCGAGCAGAAGAAGAANGG,GAGGAAGAGAAGAGGAAAAATGG
GAGTCCGAGCAGAAGAAGAANGG,ATGTGAGAGCAGAAAGAGAATGG
GAGTCCGAGCAGAAGAAGAANGG,GACACCGAGTTAAAGAAGGAAGG
GAGTCCGAGCAGAAGAAGAANGG,GAGTGCCAGCAGAAGTGGGGGGG
GAGTCCGAGCAGAAGAAGAANGG,GTGTCAGAGGAGAGCAAGAGGGG
GAGTCCGAGCAGAAGAAGAANGG,GAATGGGGGGAGAAGAGGAAGGG
GAGTCCGAGCAGAAGAAGAANGG,GAGGCCCAGCTGAGGAGAAAAGG
GAGTCCGAGCAGAAGAAGAANGG,GAATTAGAGCAGTGAAAGAAGGG
GAGTCCGAGCAGAAGAAGAANGG,TAATCTGAACAGACAAAGAAGGG
GAGTCCGAGCAGAAGAAGAANGG,GGCTCCAGGTAGGAGAAGAAAGG
GAGTCCGAGCAGAAGAAGAANGG,CTTTTAGAGCATAAGAAGAATGG
GAGTCCGAGCAGAAGAAGAANGG,GGCTCCGAGAGCAAGAAGACTGG
GAGTCCGAGCAGAAGAAGAANGG,GAGACAAAGGAGAAGACCAATGG
GAGTCCGAGCAGAAGAAGAANGG,GAGTTTGGGCTGAAGGAGGAGGG
GAGTCCGAGCAGAAGAAGAANGG,GGGAAAGAGAAGAAGAAAAATGG
GAGTCCGAGCAGAAGAAGAANGG,AAGCCCGAGCAGAAGCCAAATGG
GAGTCCGAGCAGAAGAAGAANGG,AAGGAGAAGAAGAAGAAGAAAGG
GAGTCCGAGCAGAAGAAGAANGG,CAGTCCCAGCAGGCTAAGTATGG
GAGTCCGAGCAGAAGAAGAANGG,AAGTTGGAAAAGAAAAAGAAAGG
GAGTCCGAGCAGAAGAAGAANGG,GAGGGCGAGCTGAAGCAGGATGG
GAGTCCGAGCAGAAGAAGAANGG,GAGTCAGAGAAGCACAACAGAGG
GAGTCCGAGCAGAAGAAGAANGG,GAGTCTGGGGAAAACAGGAAAGG
GAGTCCGAGCAGAAGAAGAANGG,TATTCAGAGCAGAGGAAGCAAGG
GAGTCCGAGCAGAAGAAGAANGG,GAGGGCAAGCTGAAGCAGAGCGG
GAGTCCGAGCAGAAGAAGAANGG,GATTCCGATCACAAATAGTATGG
GAGTCCGAGCAGAAGAAGAANGG,TATTCAGAGCAGAGGAAGCAAGG
GAGTCCGAGCAGAAGAAGAANGG,GATTCCGTGCAGTAAAACACTGG
GAGTCCGAGCAGAAGAAGAANGG,GATTCCGATCACAAATAGTATGG
GAGTCCGAGCAGAAGAAGAANGG,GATGCAGAGGAGAAGAGGCATGG
GAGTCCGAGCAGAAGAAGAANGG,GGGTCAGAGCACAGCAGGAAGGG
GAGTCCGAGCAGAAGAAGAANGG,GAGCCCCAGGGGAAGAGAAAGGG
GAGTCCGAGCAGAAGAAGAANGG,GAGTGGGAGGAAGAGAAGCAGGG
GAGTCCGAGCAGAAGAAGAANGG,GAGCCCGAGATGAAGATGTTGGG
GAGTCCGAGCAGAAGAAGAANGG,GAGTTAGAGCTACAGCAGAAGGG
GAGTCCGAGCAGAAGAAGAANGG,GAGCCACTGAAGAAAAAGAAGGG
GAGTCCGAGCAGAAGAAGAANGG,GAGGCCGACCAGCACAAAAATGG
GAGTCCGAGCAGAAGAAGAANGG,GACTCCTAAGGGAAGAACAAAGG
GAGTCCGAGCAGAAGAAGAANGG,GAGTGTGAGCCGAAGCAGGGTGG
GAGTCCGAGCAGAAGAAGAANGG,AAGGCTGAGGAGGAGAAGCAAGG
GAGTCCGAGCAGAAGAAGAANGG,GACACCGAGTTAAAGAAGGAAGG
GAGTCCGAGCAGAAGAAGAANGG,GCCTCCCAGCAGCAGGAGAAGGG
GAGTCCGAGCAGAAGAAGAANGG,GTGTCTGCGATGAAGAAGCATGG
GAGTCCGAGCAGAAGAAGAANGG,CAGTTTCAGCAGAACAATAAGGG
GAGTCCGAGCAGAAGAAGAANGG,GGGGCTGAGCAGGAGATGATGGG
GAGTCCGAGCAGAAGAAGAANGG,CAGTCAGAGCAGAAGGACACAGG
GAGTCCGAGCAGAAGAAGAANGG,TTATCCGAGAAGAAGAAGTAAGG
GAGTCCGAGCAGAAGAAGAANGG,AAGTTTTAGAAGAAGAAGGAAGG
GAGTCCGAGCAGAAGAAGAANGG,TATTTATAGCAGTAGAAGAATGG
GAGTCCGAGCAGAAGAAGAANGG,GAATCATGGCAGAAGAAAAATGG
GAGTCCGAGCAGAAGAAGAANGG,AAGGCAGAGAAGAAGCAGACAGG
GAGTCCGAGCAGAAGAAGAANGG,GAGTGTGAGAAAAAAAAAAAAGG
GAGTCCGAGCAGAAGAAGAANGG,GAGTCCTGGAAGAGCAGGAAGGG
GAGTCCGAGCAGAAGAAGAANGG,GAATCTGTGCTGAAGACAAAGGG
GAGTCCGAGCAGAAGAAGAANGG,TACTGGAAGTAGAAGAAGAAAGG
GAGTCCGAGCAGAAGAAGAANGG,GAGGGTGAGCAGAAGCAGGGTGG
GAGTCCGAGCAGAAGAAGAANGG,GAGGGCGAGCTGAAGCAGGGCGG
GAGTCCGAGCAGAAGAAGAANGG,GAAACAGAGAAGAAAATGAAGGG
GAGTCCGAGCAGAAGAAGAANGG,GGGGCCCAGCAAAAGCAGCAAGG
GAGTCCGAGCAGAAGAAGAANGG,CAGCCGGAGCAGGAGCAGGAGGG
GAGTCCGAGCAGAAGAAGAANGG,GGGTCAGACCCTAAGAAAAAGGG
GAGTCCGAGCAGAAGAAGAANGG,GAGTCCAGGCAGTGGGAGGAGGG
GAGTCCGAGCAGAAGAAGAANGG,TAGCCAAAACAGAAGAAAAAGGG
GAGTCCGAGCAGAAGAAGAANGG,GACTCCGAGTTAAAGAAGGAAGG
GAGTCCGAGCAGAAGAAGAANGG,GATTCCAAGAGAAAGAAAAATGG
GAGTCCGAGCAGAAGAAGAANGG,AAGGGTGAGGAGAAGAAGGAGGG
GAGTCCGAGCAGAAGAAGAANGG,TGGTTGGAGCAGAATAAGACTGG
GAGTCCGAGCAGAAGAAGAANGG,TAGCCCCTGAAGAAGATGAAAGG
GAGTCCGAGCAGAAGAAGAANGG,GAGTGAGAGGAAAAACAGAAGGG
GAGTCCGAGCAGAAGAAGAANGG,GCGGCCAAGCTTTAGAAGAAGGG
GAGTCCGAGCAGAAGAAGAANGG,CAGTCCAAACAGACTAAGACAGG
GAGTCCGAGCAGAAGAAGAANGG,GAGTATGATGGGAAGAAGAAAGG
GAGTCCGAGCAGAAGAAGAANGG,GATTCTGATCAGAAGAAATGTGG
GAGTCCGAGCAGAAGAAGAANGG,GAGACAGAGATGAAGAACACAGG
GAGTCCGAGCAGAAGAAGAANGG,AAGTCTGATAAAAAGAATAAAGG
GAGTCCGAGCAGAAGAAGAANGG,GAGTAAGAAGAGAAAAATAAAGG
GAGTCCGAGCAGAAGAAGAANGG,AGGTCTGGGCAGAAGAGGTAAGG
GAGTCCGAGCAGAAGAAGAANGG,AAACCAGAGTAGGAGAAGAATGG
GAGTCCGAGCAGAAGAAGAANGG,ATGTCCTAGCAGAGGATGGATGG
GAGTCCGAGCAGAAGAAGAANGG,AAGAGGGAGCAGGAGAAGGATGG
GAGTCCGAGCAGAAGAAGAANGG,GAGTTTGGACAGGAGAAAAATGG
GAGTCCGAGCAGAAGAAGAANGG,GAGTCCGAGCAGAGGCGCACCGG
GAGTCCGAGCAGAAGAAGAANGG,GAGGAGGAGGAGGAGGAGAAGGG
GAGTCCGAGCAGAAGAAGAANGG,AAGGAGAAGAAGAAGAAGAATGG
GAGTCCGAGCAGAAGAAGAANGG,AAGAAAGAACAGAAAAAGAAAGG
GAGTCCGAGCAGAAGAAGAANGG,GATTCCGAGGCAAAGAAAAAGGG
GAGTCCGAGCAGAAGAAGAANGG,TACTGTTAGCAGAGGAAGAAGGG
GAGTCCGAGCAGAAGAAGAANGG,GAGGGCAAGCTGAAGCAGGATGG
GAGTCCGAGCAGAAGAAGAANGG,GATACAGAGCAGATGAAAAATGG
GAGTCCGAGCAGAAGAAGAANGG,GTTTTGGAGCAGAAGCTGAATGG
GAGTCCGAGCAGAAGAAGAANGG,GAGTACCAGCATAGGCATAATGG
GAGTCCGAGCAGAAGAAGAANGG,CAGAGGGATCAGAAGAAGGAGGG
GAGTCCGAGCAGAAGAAGAANGG,GAACTGGGGCAGAAGAAGATAGG
GAGTCCGAGCAGAAGAAGAANGG,GAGACATAGGAGGTGAAGAAAGG
GAGTCCGAGCAGAAGAAGAANGG,GATTCAGGGAAGAGGAGGAAAGG
GAGTCCGAGCAGAAGAAGAANGG,GAAGAGGAGAAGAAAAAGAAGGG
GAGTCCGAGCAGAAGAAGAANGG,GAGTCCCATCAGACTAACAGTGG
GAGTCCGAGCAGAAGAAGAANGG,GAGGGTGAGCAGAAGCAGGGTGG
GAGTCCGAGCAGAAGAAGAANGG,AACTCTGCGCAGGAGGAGAAAGG
GAGTCCGAGCAGAAGAAGAANGG,GAGTTCCAAATGAAGAAAAATGG
GAGTCCGAGCAGAAGAAGAANGG,AAGGAGGAGCAGGAGAAGGAGGG
GAGTCCGAGCAGAAGAAGAANGG,GACATGCAGCACAAGAAGAAAGG
GAGTCCGAGCAGAAGAAGAANGG,CAGTCATGGCAGAAGGTGAAAGG
GAGTCCGAGCAGAAGAAGAANGG,GAATCTCAGCAGAAGTAGTTTGG
GAGTCCGAGCAGAAGAAGAANGG,GAGTCTGGGAACCAGGAGAAAGG
GAGTCCGAGCAGAAGAAGAANGG,GGATCCATGCATAAGAAGGAAGG
GAGTCCGAGCAGAAGAAGAANGG,GAGATCCAACAGCAGAAGGAAGG
GAGTCCGAGCAGAAGAAGAANGG,AAATATGTGAAGAAGAAGAAGGG
GAGTCCGAGCAGAAGAAGAANGG,GAGTCCAGGCACAATGAGGAGGG
GAGTCCGAGCAGAAGAAGAANGG,GACTCCGTCCAAAAAAAAAAGGG
GAGTCCGAGCAGAAGAAGAANGG,GAGGCCAAGTAGTACAACAAAGG
GAGTCCGAGCAGAAGAAGAANGG,GAGGCTGAGGAAAGGGAGAACGG
GAGTCCGAGCAGAAGAAGAANGG,GACACCGAGTTAAAGAAGGAAGG
GAGTCCGAGCAGAAGAAGAANGG,GAGGGAGAGAAGAAAAAAAAAGG
GAGTCCGAGCAGAAGAAGAANGG,CAGGCAGCACAGAAGAAGACAGG
GAGTCCGAGCAGAAGAAGAANGG,GAGTAGGAGCAGATGAAGAGAGG
GAGTCCGAGCAGAAGAAGAANGG,AAGTACAAACAGAACAAGATTGG
GAGTCCGAGCAGAAGAAGAANGG,GAGTGGGAAGAGAGGAAGGAAGG
GAGTCCGAGCAGAAGAAGAANGG,GAGGGCGAGCTGAAGCAGGGTGG
GAGTCCGAGCAGAAGAAGAANGG,GTGACAGAGTAGAATAAGCAAGG
GAGTCCGAGCAGAAGAAGAANGG,GATTAGGAGCAGAGAGAGAAGGG
GAGTCCGAGCAGAAGAAGAANGG,GAGTTCTGATAGGAGAAGAAAGG
GAGTCCGAGCAGAAGAAGAANGG,TAGTCTGAGGAACAGGAGAAAGG
GAGTCCGAGCAGAAGAAGAANGG,GAGTTGGAGTAGAATTTGAAAGG
GAGTCCGAGCAGAAGAAGAANGG,AAGGCCTATCAGAAGAAAAATGG
GAGTCCGAGCAGAAGAAGAANGG,TAGCTCTAGAAGAAGAAGATGGG
GAGTCCGAGCAGAAGAAGAANGG,GAGGGTGAGCAGAAGCAGGGTGG
GAGTCCGAGCAGAAGAAGAANGG,GCCTCAGAGGAGCAGAAAAAAGG
GAGTCCGAGCAGAAGAAGAANGG,TAGTCAGATGAGAAGAAGGGCGG
GAGTCCGAGCAGAAGAAGAANGG,CAGTCATGGCAGAAGGTGAAGGG
GAGTCCGAGCAGAAGAAGAANGG,GAGTCCAAATAGCACAGGAATGG
GAGTCCGAGCAGAAGAAGAANGG,GTTCCAGGGCAGGAGAAGAAGGG
GAGTCCGAGCAGAAGAAGAANGG,GTGTATAAGCAAAAGCAGAAGGG
GAGTCCGAGCAGAAGAAGAANGG,CAGTCTGAGCCTAAGACGGAGGG
GAGTCCGAGCAGAAGAAGAANGG,GAGTGAGGGGAGGAGGAGAAGGG
GAGTCCGAGCAGAAGAAGAANGG,TAGTGTGAACAGAAGAACATAGG
GAGTCCGAGCAGAAGAAGAANGG,GAGACAGAGGAGAAATAGAGGGG
GAGTCCGAGCAGAAGAAGAANGG,GATTCAGAGCAGGCTAAGAGTGG
GAGTCCGAGCAGAAGAAGAANGG,CAGTCATGGCAGAAGGTGAAGGG
GAGTCCGAGCAGAAGAAGAANGG,GGGTCTGTGCAGAAGACAATAGG
GAGTCCGAGCAGAAGAAGAANGG,GATGCCGAGCTGAAGCTGGACGG
GAGTCCGAGCAGAAGAAGAANGG,GAATCTGAGCAGGAAAACATGGG
GAGTCCGAGCAGAAGAAGAANGG,GAGTCAGATGAGCAGATGGAGGG
GAGTCCGAGCAGAAGAAGAANGG,CAATCACAGCAGAAGGCGAAGGG
GAGTCCGAGCAGAAGAAGAANGG,AAGGGCGAGCAGAAGCAGGGTGG
GAGTCCGAGCAGAAGAAGAANGG,GATTCCTACCAGAAGAAGAATGG
GAGTCCGAGCAGAAGAAGAANGG,CAGCCCAAGCAGGTGAAAAAAGG
GAGTCCGAGCAGAAGAAGAANGG,GAGTGCCAAAAGATGGAGAAGGG
GAGTCCGAGCAGAAGAAGAANGG,TAGCCCTAGCAGAAAGAGAATGG
GAGTCCGAGCAGAAGAAGAANGG,CAGGCAGAGGAGAGGGAGAAAGG
GAGTCCGAGCAGAAGAAGAANGG,GAGCTCCAGCCGAAGGAGAAGGG
GAGTCCGAGCAGAAGAAGAANGG,GAACCAGAACAGAACACGAATGG
GAGTCCGAGCAGAAGAAGAANGG,CATTCCGAGTGGGAGAAGATGGG
GAGTCCGAGCAGAAGAAGAANGG,GAGTCAGTGGATGAGAAGATGGG
GAGTCCGAGCAGAAGAAGAANGG,TAGTTCTACCAGAACAAGGAAGG
GAGTCCGAGCAGAAGAAGAANGG,GAGTCCCAGTAGAAAGTGACAGG
GAGTCCGAGCAGAAGAAGAANGG,GTTTTGAAGCAGAAGAAGAAAGG
GAGTCCGAGCAGAAGAAGAANGG,AAGTAACAGCAGAAGAAAAAAGG
GAGTCCGAGCAGAAGAAGAANGG,GAGTCTGAGTGGACGAGGAGGGG
GAGTCCGAGCAGAAGAAGAANGG,GGGTCAGGGGATGAGAAGAAGGG
GAGTCCGAGCAGAAGAAGAANGG,CATTCAGAGAACAAAAAGAAAGG
GAGTCCGAGCAGAAGAAGAANGG,GAGAATGAGGAGAAAAAGATGGG
GAGTCCGAGCAGAAGAAGAANGG,GAGTCAGAGGGGAAGAAACCAGG
GAGTCCGAGCAGAAGAAGAANGG,GACACCGAGTTAAAGAAGGAAGG
GAGTCCGAGCAGAAGAAGAANGG,GACACCGAGTTAAAGAAGGAAGG
GAGTCCGAGCAGAAGAAGAANGG,GAGGGTGAGCAGAAGCAGGGTGG
GAGTCCGAGCAGAAGAAGAANGG,GAGGCAAGGGAGAAGCAGAAGGG
GAGTCCGAGCAGAAGAAGAANGG,GAGCCCGAGGGGAGGACAAAGGG
GAGTCCGAGCAGAAGAAGAANGG,GTCGCCCAGCACAAGAACAAGGG
GAGTCCGAGCAGAAGAAGAANGG,GAGACGGTGTGGAAGAAGGACGG
GAGTCCGAGCAGAAGAAGAANGG,GAGAGCAAGGAGAAGATGGATGG
GAGTCCGAGCAGAAGAAGAANGG,CAGTTCTAGGATAAGAAGAGAGG
GAGTCCGAGCAGAAGAAGAANGG,GAGAAAGAGTAGGAGTAGAAAGG
GAGTCCGAGCAGAAGAAGAANGG,GAGCCAGAGAAGAAGGAGAGGGG
GAGTCCGAGCAGAAGAAGAANGG,GAGAAGAAGAAGAAGAAAAAAGG
GAGTCCGAGCAGAAGAAGAANGG,GAGTCAGGGTAATAGATGAAAGG
GAGTCCGAGCAGAAGAAGAANGG,GTGTCAGAGAAGACCAAGTAGGG
GAGTCCGAGCAGAAGAAGAANGG,GTCTCAGAAAAAAAGAAGAAAGG
GAGTCCGAGCAGAAGAAGAANGG,GAGTCCGAAAAGAAAGCGAAGGG
GAGTCCGAGCAGAAGAAGAANGG,GAGTCCGAAAAGAAAACAAAGGG
GAGTCCGAGCAGAAGAAGAANGG,TAGACTGAGAGGAGGAAGAAAGG
GAGTCCGAGCAGAAGAAGAANGG,AAGCCAGAGGAGAAGGAGAGAGG
GAGTCCGAGCAGAAGAAGAANGG,CAGACTGAGCAGAGGAAGCAGGG
GAGTCCGAGCAGAAGAAGAANGG,AAGCCCGCACAGAAGACGAGAGG
GAGTCCGAGCAGAAGAAGAANGG,CAGAAAGAGTACAAGAAGAAAGG
GAGTCCGAGCAGAAGAAGAANGG,TGGTTGGGGCAGAAGCAGAATGG
GAGTCCGAGCAGAAGAAGAANGG,TACTCCCAGCTGAGGAAGGAAGG
GAGTCCGAGCAGAAGAAGAANGG,TAGACCAAGACAAAGAAGAATGG
GAGTCCGAGCAGAAGAAGAANGG,GAGTGGGAGGAGAGGAAGGGAGG
GAGTCCGAGCAGAAGAAGAANGG,GAGTGTGAGGAGAGGAGGAGAGG
GAGTCCGAGCAGAAGAAGAANGG,AAGTAATAGCTGAAGAAGTAGGG
GAGTCCGAGCAGAAGAAGAANGG,GATTCTCAGAATGAGAAGAATGG
GAGTCCGAGCAGAAGAAGAANGG,GGGCCCAAGCAGAGGAACAGAGG
GAGTCCGAGCAGAAGAAGAANGG,TATTCCTGGCATAAGAGGAAGGG
GAGTCCGAGCAGAAGAAGAANGG,GAGGTGAAGCAAAAGCAGAAAGG
GAGTCCGAGCAGAAGAAGAANGG,CTCTCCGAGCAGAAGCAGCCTGG
GAGTCCGAGCAGAAGAAGAANGG,CAGCCCGAGCTGACCAAGAGAGG
GAGTCCGAGCAGAAGAAGAANGG,GAGAAGAAGGAGAAGAAGAAAGG
GAGTCCGAGCAGAAGAAGAANGG,CAGTCTTGGCAGAAGGTGAAAGG
GAGTCCGAGCAGAAGAAGAANGG,TAGTAAGAGCAGAAGAAGGGAGG
GAGTCCGAGCAGAAGAAGAANGG,CACTCATGGCAGAAGATGAAGGG
GAGTCCGAGCAGAAGAAGAANGG,GGGTCAGAGCACAGAAATAAGGG
GAGTCCGAGCAGAAGAAGAANGG,GAGTTTGAAAAGAAAGAGAAAGG
GAGTCCGAGCAGAAGAAGAANGG,GAGAACAAGAAAAAGATGAAAGG
GAGTCCGAGCAGAAGAAGAANGG,GAGCATGACCCGAAGAACAAAGG
GAGTCCGAGCAGAAGAAGAANGG,GAGGTCCAGCACCAGAAGCATGG
GAGTCCGAGCAGAAGAAGAANGG,ATTTCAGAGCAGAAGAAAAGAGG
GAGTCCGAGCAGAAGAAGAANGG,GAGTGTAAGCTGAGGATGAAGGG
GAGTCCGAGCAGAAGAAGAANGG,AAGTCCAGGAAGAAGAGGCAAGG
GAGTCCGAGCAGAAGAAGAANGG,GCTTCTGAGCAGAACAGAAAAGG
GAGTCCGAGCAGAAGAAGAANGG,GAGACAGAGCAGAAGCAGATGGG
GAGTCCGAGCAGAAGAAGAANGG,ACTTTCCAGCAGAGGAAGAATGG
GAGTCCGAGCAGAAGAAGAANGG,GAGAGGAAGGAAAAGAAGAAAGG
GAGTCCGAGCAGAAGAAGAANGG,CAGTCATGGCAGAAGGCGAAGGG
GAGTCCGAGCAGAAGAAGAANGG,GAGGCAGAGCAGAGGGAAAGAGG
GAGTCCGAGCAGAAGAAGAANGG,GAGATGGAGAAAAAGAAGAAGGG
GAGTCCGAGCAGAAGAAGAANGG,GAGGAGGAGAGGAAGAAGACAGG
GAGTCCGAGCAGAAGAAGAANGG,GAGTCCCGGAAGTAGATGACTGG
GAGTCCGAGCAGAAGAAGAANGG,GAGGGAGAGAGGAAGAAGGAAGG
GAGTCCGAGCAGAAGAAGAANGG,GAGTGGGAGGAGAGGGAGGAGGG
GAGTCCGAGCAGAAGAAGAANGG,CACACAGAACAAAAGAAGAATGG
GAGTCCGAGCAGAAGAAGAANGG,GGGTGTTAGCAGCAGGAGAAAGG
GAGTCCGAGCAGAAGAAGAANGG,AAGTCCGTGCAGAAAGAGCCTGG
GAGTCCGAGCAGAAGAAGAANGG,GAGTAGGGGTAGGAGGAGAAGGG
GAGTCCGAGCAGAAGAAGAANGG,GAGTCTCAACAGAAGACCAGTGG
GAGTCCGAGCAGAAGAAGAANGG,GAGCCACAGCAGAAGCCGAAGGG
GAGTCCGAGCAGAAGAAGAANGG,GAAGCCCAGGAAAGGAAGAAGGG
GAGTCCGAGCAGAAGAAGAANGG,TTGTCTGACTAGAAGAATAAAGG
GAGTCCGAGCAGAAGAAGAANGG,GAGTTTTAACAAAAGAAGCAAGG
GAGTCCGAGCAGAAGAAGAANGG,GGGTCAAAGCAGAAGAATCTGGG
GAGTCCGAGCAGAAGAAGAANGG,GAACCCAAGCAGAAAAGGAAGGG
GAGTCCGAGCAGAAGAAGAANGG,GAGAAAGAGAAGCAGGAGAAAGG
GAGTCCGAGCAGAAGAAGAANGG,GAGGAGGAGGAGGAGAAGGAGGG
GAGTCCGAGCAGAAGAAGAANGG,AAGACCAACCCGAAGAAGCAGGG
GAGTCCGAGCAGAAGAAGAANGG,GAGCCTCAGCAGAAGGAAACAGG
GAGTCCGAGCAGAAGAAGAANGG,GAGAGAGAGAATTAGAAGAATGG
GAGTCCGAGCAGAAGAAGAANGG,GCGAAGGAGGAGAAGAAGAAGGG
GAGTCCGAGCAGAAGAAGAANGG,GGGTTCAGGCTGAAGACGAAAGG
GAGTCCGAGCAGAAGAAGAANGG,AAGACAAAGCGGGAGAAGAAGGG
GAGTCCGAGCAGAAGAAGAANGG,GACTCACAGAAGGAAAAGAAAGG
GAGTCCGAGCAGAAGAAGAANGG,GAAGAGGATCTGAAGAAGAAGGG
GAGTCCGAGCAGAAGAAGAANGG,GAGTCTGAGCACTTGAACATTGG
GAGTCCGAGCAGAAGAAGAANGG,AAGACTAAGCAGAAAAAGAAGGG
GAGTCCGAGCAGAAGAAGAANGG,GAGGAGAAGAAGAGGAAGAAGGG
GAGTCCGAGCAGAAGAAGAANGG,GAGGGTGAGCAGAAGCAGGGTGG
GAGTCCGAGCAGAAGAAGAANGG,GAATCAGAGCCACAGCAGAAAGG
GAGTCCGAGCAGAAGAAGAANGG,TAGTCATGGCAGAAGGTGAATGG
GAGTCCGAGCAGAAGAAGAANGG,GGGTGAGAGCAAAAGAGCAAGGG
GAGTCCGAGCAGAAGAAGAANGG,GAGAAGGAGCAGAGGAAGGATGG
GAGTCCGAGCAGAAGAAGAANGG,GTCTCAGAGTAAAAGAACAAGGG
GAGTCCGAGCAGAAGAAGAANGG,GAATGACAGCAGGTGAAGAAAGG
GAGTCCGAGCAGAAGAAGAANGG,TAGTCAAAGCAAAAGCAGACTGG
GAGTCCGAGCAGAAGAAGAANGG,GAGGCCTAGGAGAAAAAAAATGG
GAGTCCGAGCAGAAGAAGAANGG,GAGTCCAAGAAAAAGCTGACTGG
GAGTCCGAGCAGAAGAAGAANGG,GTATCAGACAAGAAGAAGAAGGG
GAGTCCGAGCAGAAGAAGAANGG,GAGATGAATCAGGAGAAGAAGGG
GAGTCCGAGCAGAAGAAGAANGG,GAGCCTGTGCAGAAGATGCAAGG
GAGTCCGAGCAGAAGAAGAANGG,CAGTCATGGCAGTAGATGAAGGG
GAGTCCGAGCAGAAGAAGAANGG,GAGTTTGATCAGACACAGAAGGG
GAGTCCGAGCAGAAGAAGAANGG,AATTCCCAGGAAAGGAAGAAAGG
GAGTCCGAGCAGAAGAAGAANGG,GAGGCTGAGAGGCAGGAGAATGG
GAGTCCGAGCAGAAGAAGAANGG,GATTCCAAGCAGCAGAATGCAGG
GAGTCCGAGCAGAAGAAGAANGG,CAGAAGGAGAAGAAAAAGAATGG
GAGTCCGAGCAGAAGAAGAANGG,AAAACAGAGCAGAAAAAGACAGG
GAGTCCGAGCAGAAGAAGAANGG,GAGACTGAGCAGAGGGAAGAGGG
GAGTCCGAGCAGAAGAAGAANGG,CAGTGGGTGGAGAAGAATAAGGG
GAGTCCGAGCAGAAGAAGAANGG,GAGATCAAGCACAAGAAGGTTGG
GAGTCCGAGCAGAAGAAGAANGG,GAGACGGAGCTAAAGAGGGAGGG
GAGTCCGAGCAGAAGAAGAANGG,GAATTTGAGCTGATGAAGGATGG
GAGTCCGAGCAGAAGAAGAANGG,CAATCCAGGCAGAAGGTGAAGGG
GAGTCCGAGCAGAAGAAGAANGG,GAGCCAGGGAAGATGGAGAATGG
GAGTCCGAGCAGAAGAAGAANGG,GAGGGAGGGCAGGAGGAGAAGGG
GAGTCCGAGCAGAAGAAGAANGG,TAATTCAAGCAGCAGAAGGATGG
GAGTCCGAGCAGAAGAAGAANGG,AAGTACAAGCAAGAAAAGAAAGG
GAGTCCGAGCAGAAGAAGAANGG,GGGTCAGAACAGGAGGAGAGAGG
GAGTCCGAGCAGAAGAAGAANGG,GAGGGAGAGAAGAAGAAGGAAGG
GAGTCCGAGCAGAAGAAGAANGG,GAATCCTAGCAAAAGTATAAGGG
GAGTCCGAGCAGAAGAAGAANGG,GGGTCCAGGCAGAATGAAAAGGG
GAGTCCGAGCAGAAGAAGAANGG,GAGGAGGAGGAGGAGAAGGAGGG
GAGTCCGAGCAGAAGAAGAANGG,GGGTCTGTGCAGAAGACAATAGG
GAGTCCGAGCAGAAGAAGAANGG,GAGTTAGAACATAGGAAGTAGGG
GAGTCCGAGCAGAAGAAGAANGG,GAGTTGGAGGAGGAAAAGGAGGG
GAGTCCGAGCAGAAGAAGAANGG,AAGAAGAAGCAGAAGAAGAGAGG
GAGTCCGAGCAGAAGAAGAANGG,GAGACACAGAAGATGATGAAGGG
GAGTCCGAGCAGAAGAAGAANGG,GAGGACAAGCAGAGAAGGAAAGG
GAGTCCGAGCAGAAGAAGAANGG,GAACCTGAGGAGCAGAGGAAAGG
GAGTCCGAGCAGAAGAAGAANGG,GTGTAGAAGAACAAGAAGAAAGG
GAGTCCGAGCAGAAGAAGAANGG,GAGTAGGAGCTGGCAAAGAATGG
GAGTCCGAGCAGAAGAAGAANGG,GATGCCGCCAAGAAGAAAAAGGG
GAGTCCGAGCAGAAGAAGAANGG,GAGAAGGAGAAGAAGAAGGGTGG
GAGTCCGAGCAGAAGAAGAANGG,GAGGAGAAGGAGAAGAAGAAGGG
GAGTCCGAGCAGAAGAAGAANGG,GAGAAAGGGAAGGAGAAGAAGGG
GAGTCCGAGCAGAAGAAGAANGG,GAGGCTAAGGAGAAAAAAAATGG
GAGTCCGAGCAGAAGAAGAANGG,GCGTCCCAGCATCAGAAGGGTGG
GAGTCCGAGCAGAAGAAGAANGG,GACTCAGACAGGAAGTAGAATGG
GAGTCCGAGCAGAAGAAGAANGG,CTGGCAGAGCAGAGGCAGAATGG
GAGTCCGAGCAGAAGAAGAANGG,AAGTAAGTCCAGAAGAAGAAAGG
GAGTCCGAGCAGAAGAAGAANGG,CATTCCCTGCAGCAGAAGATGGG
GAGTCCGAGCAGAAGAAGAANGG,TAATCCTAGCAGAGTAGGAAAGG
GAGTCCGAGCAGAAGAAGAANGG,AGGTCCCAGAAGAGGCAGAAGGG
GAGTCCGAGCAGAAGAAGAANGG,TAAACCGAGCAGAAGCCGTAAGG
GAGTCCGAGCAGAAGAAGAANGG,GAGTCTGTGCAGAAATATACTGG
GAGTCCGAGCAGAAGAAGAANGG,GGGTTCCGGCAGAGAAAGAAGGG
GAGTCCGAGCAGAAGAAGAANGG,GAGGAGGAGAAGTAGAAGGAGGG
GAGTCCGAGCAGAAGAAGAANGG,GAGTCCGTCCATTGGAAGAGAGG
GAGTCCGAGCAGAAGAAGAANGG,GAGGCCAAGCAGTGGAGGCAGGG
GAGTCCGAGCAGAAGAAGAANGG,GAGACTGGGAAGCAGAAGACCGG
GAGTCCGAGCAGAAGAAGAANGG,GACACCGAGTTAAAGAAGGAAGG
GAGTCCGAGCAGAAGAAGAANGG,GATTTAGAGGAGATGATGAAGGG
GAGTCCGAGCAGAAGAAGAANGG,GACACCGAGTTAAAGAAGGAAGG
GAGTCCGAGCAGAAGAAGAANGG,GAGACGGGGCAGAAAAATACTGG
GAGTCCGAGCAGAAGAAGAANGG,GACACCGAGTTAAAGAAGGAAGG
GAGTCCGAGCAGAAGAAGAANGG,CAGTCCTGGCAGAAGGTGAAGGG
GAGTCCGAGCAGAAGAAGAANGG,CAGTCATGGCAGAAGGGGAAGGG
GAGTCCGAGCAGAAGAAGAANGG,GAGTGAGAGGACAAGATGCAGGG
GAGTCCGAGCAGAAGAAGAANGG,GAGTCCGACCTCAGGAATCATGG
GAGTCCGAGCAGAAGAAGAANGG,GACACCGAGTGGTAGAAGGAAGG
GAGTCCGAGCAGAAGAAGAANGG,GAGTCTGTCCTGAGGAAGGAAGG
GAGTCCGAGCAGAAGAAGAANGG,GACACCGAGTTAAAGAAGGAAGG
GAGTCCGAGCAGAAGAAGAANGG,TAGCCAAAACAGAAGAAAAAGGG
GAGTCCGAGCAGAAGAAGAANGG,TAATTCCAGGAGAAGACGAAGGG
GAGTCCGAGCAGAAGAAGAANGG,GAGAAGGAGAAGGAGAAGGAAGG
GAGTCCGAGCAGAAGAAGAANGG,CTCTCTGAGCAGAAGCAGGATGG
GAGTCCGAGCAGAAGAAGAANGG,CTCTCTGAGCAGAAGCAGGATGG
GAGTCCGAGCAGAAGAAGAANGG,CTCTCTGAGCAGAAGCAGGATGG
GAGTCCGAGCAGAAGAAGAANGG,CTCTCTGAGCAGAAGCAGGATGG
GAGTCCGAGCAGAAGAAGAANGG,CTCTCTGAGCAGAAGCAGGATGG
GAGTCCGAGCAGAAGAAGAANGG,CTCTCTGAGCAGAAGCAGGATGG
GAGTCCGAGCAGAAGAAGAANGG,CTCTCTGAGCAGAAGCAGGAGGG
GAGTCCGAGCAGAAGAAGAANGG,CTCTCTGAGCAGAAGCAGGATGG
GAGTCCGAGCAGAAGAAGAANGG,CTCTCTGAGCAGAAGCAGGATGG
GAGTCCGAGCAGAAGAAGAANGG,CTCTCTGAGCAGAAGCAGGATGG
GAGTCCGAGCAGAAGAAGAANGG,CTCTCTGAGCAGAAGCAGGATGG
GAGTCCGAGCAGAAGAAGAANGG,GAGAGTGAGCAGAAGCAGGATGG
GAGTCCGAGCAGAAGAAGAANGG,CTCTCTGAGCAGAAGCAGGATGG
GAGTCCGAGCAGAAGAAGAANGG,CTCTCTGAGCAGAAGCAGGATGG
GAGTCCGAGCAGAAGAAGAANGG,GAGAGTGAGCAGAAGCAGAGTGG
GAGTCCGAGCAGAAGAAGAANGG,GAGCCCGAGATGACAGAGAAAGG
GAGTCCGAGCAGAAGAAGAANGG,GAGAATGAGCAGAGCAAGAGAGG
GAGTCCGAGCAGAAGAAGAANGG,ATGTCCGAGGGCAGGAAGAAGGG
GAGTCCGAGCAGAAGAAGAANGG,AAGGAAGAGGAAAAGAAGAAAGG
GAGTCCGAGCAGAAGAAGAANGG,GAGAGCGAGAGGAAGGAGGAGGG
GAGTCCGAGCAGAAGAAGAANGG,GAGGGAGGGAAGAGGAAGAAAGG
GAGTCCGAGCAGAAGAAGAANGG,CAGACCGACCAAGAGCAGAAGGG
GAGTCCGAGCAGAAGAAGAANGG,CTGTCGCAGCTGAAGAACAAGGG
GAGTCCGAGCAGAAGAAGAANGG,GAGAGCGAGAACTAGAAAAACGG
GAGTCCGAGCAGAAGAAGAANGG,AGGTTCATGCAGAAGAAAAAGGG
GAGTCCGAGCAGAAGAAGAANGG,GAAAACGAGTGGAAGATGAAAGG
GAGTCCGAGCAGAAGAAGAANGG,GACGCTGGGCAGGAGAAGAGGGG
GAGTCCGAGCAGAAGAAGAANGG,GATTCAGGGGACAAGAAGAAAGG
GAGTCCGAGCAGAAGAAGAANGG,GCGGCCGAGCAGAGGGAACAAGG
GAGTCCGAGCAGAAGAAGAANGG,GTGTTTGGGCAGATGAAGAAGGG
GAGTCCGAGCAGAAGAAGAANGG,CTGTCCAAGCAGGAGCTGAAGGG
GAGTCCGAGCAGAAGAAGAANGG,GACACCGAGTTAAAGAAGGAAGG
GAGTCCGAGCAGAAGAAGAANGG,GAGGAGGAGAGGGAGAAGAAAGG
GAGTCCGAGCAGAAGAAGAANGG,GCCAACAAGCAGATGAAGAAAGG
GAGTCCGAGCAGAAGAAGAANGG,GAGGTGGAGGAGAATGAGAAGGG
GAGTCCGAGCAGAAGAAGAANGG,GTGTCCGTTGGGAAGAAGAACGG
GAGTCCGAGCAGAAGAAGAANGG,GAGTCTGAGGAAAAGCACAGAGG
GAGTCCGAGCAGAAGAAGAANGG,GACATGGAGCAGAAGGAAAATGG
GAGTCCGAGCAGAAGAAGAANGG,GAGTCCCTGCAAAGGGAGACTGG
GAGTCCGAGCAGAAGAAGAANGG,GCTTCAGAGCAGATGAAGGTTGG
GAGTCCGAGCAGAAGAAGAANGG,CAGCAGGAGCAGAAGGAGGATGG
GAGTCCGAGCAGAAGAAGAANGG,GTGGCCCAGCACCAGCAGAACGG
GAGTCCGAGCAGAAGAAGAANGG,GAGTCTGAGTGCTAGATGAAAGG
GAGTCCGAGCAGAAGAAGAANGG,AAGAAGAAGAAGAAGAAGAAAGG
GAGTCCGAGCAGAAGAAGAANGG,AAGTCCTAACAGTTGAAGAAGGG
GAGTCCGAGCAGAAGAAGAANGG,GGATCCAAACATAAGAAGAGTGG
GAGTCCGAGCAGAAGAAGAANGG,GTGTCCCCACTGAAGAAAAATGG
GAGTCCGAGCAGAAGAAGAANGG,GGGTCAGGGGAGAAGAAGCTTGG
GAGTCCGAGCAGAAGAAGAANGG,GAGCAGAAGCAGAGGCAGAAGGG
GAGTCCGAGCAGAAGAAGAANGG,GAGACGGGGCTGCAGAAGGACGG
GAGTCCGAGCAGAAGAAGAANGG,AATTCAGTGCAGAAGATGAGAGG
GAGTCCGAGCAGAAGAAGAANGG,CAGTCATGGCAGAAGGAGAAGGG
GAGTCCGAGCAGAAGAAGAANGG,GTCTCCCAGCAGAACGTGAAAGG
GAGTCCGAGCAGAAGAAGAANGG,GCGGCCGTGCGGATGAAGGACGG
GAGTCCGAGCAGAAGAAGAANGG,GCTGCTGCCCAGAAGAAGAAGGG
GAGTCCGAGCAGAAGAAGAANGG,GAGGCCTAAGAGAAAAAAAATGG
GAGTCCGAGCAGAAGAAGAANGG,CAGGCAGAACTGGAGAAGAAGGG
GAGTCCGAGCAGAAGAAGAANGG,GACTCTGAGCAGAGGAATTCAGG
GAGTCCGAGCAGAAGAAGAANGG,GAGGCAGAGTTGGAGAAGATAGG
GAGTCCGAGCAGAAGAAGAANGG,GGGACCAAGCAGAGGGCGAAAGG
GAGTCCGAGCAGAAGAAGAANGG,GAGAACAAGGAGAAAAAGGAAGG
GAGTCCGAGCAGAAGAAGAANGG,TAGTCAGAGAGGAAAAAGAAAGG
GAGTCCGAGCAGAAGAAGAANGG,AATTGCTAGCAGCGGAAGAAGGG
GAGTCCGAGCAGAAGAAGAANGG,GACTCCTAGAGGAGTAAGAATGG
GAGTCCGAGCAGAAGAAGAANGG,GAGAGGGAGGAGAAGGAGGAAGG
GAGTCCGAGCAGAAGAAGAANGG,GAGTCCCAGAAAGAGAGGACAGG
GAGTCCGAGCAGAAGAAGAANGG,GAGTAAAAAGACAAGAAGAAAGG
GAGTCCGAGCAGAAGAAGAANGG,GAGTGAGAGGATAAGAGGAAGGG
GAGTCCGAGCAGAAGAAGAANGG,GAGTCAGCAAAGCAGAAAAATGG
GAGTCCGAGCAGAAGAAGAANGG,GATTCCTAACAGAGCAAAAAGGG
GAGTCCGAGCAGAAGAAGAANGG,CAGCCCGAGGCGGAGACGAAGGG
GAGTCCGAGCAGAAGAAGAANGG,CCTTCAGAGCAAGAGAAGAATGG
GAGTCCGAGCAGAAGAAGAANGG,GAGACAGAGGATAAAATGAAAGG
GAGTCCGAGCAGAAGAAGAANGG,CAATCCTGGCAGAAGGCGAAAGG
GAGTCCGAGCAGAAGAAGAANGG,CAGGATGAGCTGAAGAAGAGGGG
GAGTCCGAGCAGAAGAAGAANGG,GAGATGGAGAAAAAGATGAATGG
GAGTCCGAGCAGAAGAAGAANGG,AAGACCGAGAGGAAGAGGGAAGG
GAGTCCGAGCAGAAGAAGAANGG,GGGTCCTGGCAGGAGGAGATCGG
GAGTCCGAGCAGAAGAAGAANGG,GAGTCGGCCTACAAGGAGAAGGG
GAGTCCGAGCAGAAGAAGAANGG,AGGTCATAACAGAAAAAGAAAGG
GAGTCCGAGCAGAAGAAGAANGG,GAATAAGAGGAAAGGAAGAAAGG
GAGTCCGAGCAGAAGAAGAANGG,AAGTGGGAACAGAGGATGAATGG
GAGTCCGAGCAGAAGAAGAANGG,GACACCGAGTGAAAGAAGGAAGG
GAGTCCGAGCAGAAGAAGAANGG,GATTCTGAGCAGAAGGGCTACGG
GAGTCCGAGCAGAAGAAGAANGG,TAATCAGTGTAGAAGAAAAAGGG
GAGTCCGAGCAGAAGAAGAANGG,GCCTCCAAGGACAAGAACAAGGG
GAGTCCGAGCAGAAGAAGAANGG,GAGTGACGGGAGAAGAAGGATGG
GAGTCCGAGCAGAAGAAGAANGG,TAATCACAGCAGAAGGTGAAGGG
GAGTCCGAGCAGAAGAAGAANGG,CAGTCCAAGCAGACTAAGATAGG
GAGTCCGAGCAGAAGAAGAANGG,GAGAAAGAGCAGAACAAGAGTGG
GAGTCCGAGCAGAAGAAGAANGG,GGGTGCAGGCAGAAGGGGAAAGG
GAGTCCGAGCAGAAGAAGAANGG,GTGTCTGTGAAGATGAGGAAGGG
GAGTCCGAGCAGAAGAAGAANGG,AAGTGGGAGGAGGAGAAGAGGGG
GAGTCCGAGCAGAAGAAGAANGG,CATTCTGATGAGATGAAGAAAGG
GAGTCCGAGCAGAAGAAGAANGG,AGGTGGGAGCAGAAGAAGAAGGG
GAGTCCGAGCAGAAGAAGAANGG,GAGTCCAAGTGGAAGCTGCAGGG
GAGTCCGAGCAGAAGAAGAANGG,GATCCAGGGGACAAGAAGAAAGG
GAGTCCGAGCAGAAGAAGAANGG,GAGGCTGAGATTAAGAAGACAGG
GAGTCCGAGCAGAAGAAGAANGG,GACTGCGCCAAGAAGAAGATGGG
GAGTCCGAGCAGAAGAAGAANGG,GTGTGAGAACAGAGGGAGAAAGG
GAGTCCGAGCAGAAGAAGAANGG,AAGGCCCAGCTGAAGAAGTGGGG
GAGTCCGAGCAGAAGAAGAANGG,AGGTCCAAGGTGAAGATGAAGGG
GAGTCCGAGCAGAAGAAGAANGG,GGGCATGAGCAGAATAAGCAGGG
GAGTCCGAGCAGAAGAAGAANGG,GAGTCAGTGCAGATGGAAACAGG
GAGTCCGAGCAGAAGAAGAANGG,GAGCTGCAGCAGAAGGAGGAAGG
GAGTCCGAGCAGAAGAAGAANGG,GAGCCTGAGCCTAAGAAGCGAGG
GAGTCCGAGCAGAAGAAGAANGG,GAAGTAGAACAAAAGAAGAAAGG
GAGTCCGAGCAGAAGAAGAANGG,GAGAAGGAGTTGAAGAATAAAGG
GAGTCCGAGCAGAAGAAGAANGG,GAGTAGAAGCAGGAGAGGGAAGG
GAGTCCGAGCAGAAGAAGAANGG,AAGGCAGAGAAAAAGAAGGAGGG
GAGTCCGAGCAGAAGAAGAANGG,CAGCTGGGGCAGAAGAGGAAAGG
GAGTCCGAGCAGAAGAAGAANGG,TAGTCAGCTCTGAAGAAGAAGGG
GAGTCCGAGCAGAAGAAGAANGG,GAGTGGCAGGAGAAGCAGATGGG
GAGTCCGAGCAGAAGAAGAANGG,TATTTTGTGCAGAAGCAGAAAGG
GAGTCCGAGCAGAAGAAGAANGG,AAGTTAGAACAGAAAATGAATGG
GAGTCCGAGCAGAAGAAGAANGG,GAATTTGAGGAGCAGAGGAAAGG
GAGTCCGAGCAGAAGAAGAANGG,AAGTCAAAGGACAAGAAGATGGG
GAGTCCGAGCAGAAGAAGAANGG,GAGGATCAGGAGAAGGAGAAGGG
GAGTCCGAGCAGAAGAAGAANGG,GAGTCCAAAAAGACTAAGCAAGG
GAGTCCGAGCAGAAGAAGAANGG,GCATCTGAGCGGAAGAGAAAAGG
GAGTCCGAGCAGAAGAAGAANGG,GAGGCTGAGCAGAACATGCATGG
GAGTCCGAGCAGAAGAAGAANGG,GAATCTGAGGAGAGGCTGAAAGG
GAGTCCGAGCAGAAGAAGAANGG,GACACCGAGTTAAAGAAGGAAGG
GAGTCCGAGCAGAAGAAGAANGG,TAGCCAAAACAGAAGAAAAAAGG
GAGTCCGAGCAGAAGAAGAANGG,GAGGGCGAGCCAAAGCAGAGTGG
GAGTCCGAGCAGAAGAAGAANGG,AAGAGAGAGGAGAGGAAGAATGG
GAGTCCGAGCAGAAGAAGAANGG,GAATATTAGAAGAAGGAGAAAGG
GAGTCCGAGCAGAAGAAGAANGG,GAGAGCAGACAGAGGAAGAAAGG
GAGTCCGAGCAGAAGAAGAANGG,CAGTCAGAGAAGAAGATGTGAGG
GAGTCCGAGCAGAAGAAGAANGG,AAGTAGGGGGAGAGGAAGAAAGG
GAGTCCGAGCAGAAGAAGAANGG,AAGTCCAGGCAGGAGAAAAATGG
GAGTCCGAGCAGAAGAAGAANGG,GGGCCCGGGCAGATGAAGGCTGG
GAGTCCGAGCAGAAGAAGAANGG,GAGTCGGGGAGGGGGAAGAAGGG
GAGTCCGAGCAGAAGAAGAANGG,GAAACCCAGCAAAGGAGGAATGG
GAGTCCGAGCAGAAGAAGAANGG,GAGTTCATGTGGAAGAAGGAGGG
GAGTCCGAGCAGAAGAAGAANGG,GGGTTCTATCAATAGAAGAATGG
GAGTCCGAGCAGAAGAAGAANGG,GTTTCCACGCAGGGGAAGAAAGG
GAGTCCGAGCAGAAGAAGAANGG,CTGACCCAGCAGAGGAAGGAAGG
GAGTCCGAGCAGAAGAAGAANGG,GGGTCTAAGGAGAAGTAGATGGG
GAGTCCGAGCAGAAGAAGAANGG,GAGGGCAAGGAGGAGGAGAAGGG
GAGTCCGAGCAGAAGAAGAANGG,TCTTCCGAGAAGATGCAGAAAGG
GAGTCCGAGCAGAAGAAGAANGG,GAGTGAGCGACGCAGAAGAAGGG
GAGTCCGAGCAGAAGAAGAANGG,CAGGCAGAGTAGAAAAAAAAGGG
GAGTCCGAGCAGAAGAAGAANGG,GAGTCTCAGCAGAATCACAGGGG
GAGTCCGAGCAGAAGAAGAANGG,TACTCAGAGTAGATAAAGAATGG
GAGTCCGAGCAGAAGAAGAANGG,CAGTCGACCCAGAAGAAGACAGG
GAGTCCGAGCAGAAGAAGAANGG,GGCTCTGTGCAGGAGAAGAAAGG
GAGTCCGAGCAGAAGAAGAANGG,TAGACTTAACAGAAAAAGAAAGG
GAGTCCGAGCAGAAGAAGAANGG,TAGTCTGTCCAGAAGAAGAAAGG
GAGTCCGAGCAGAAGAAGAANGG,GGCTGAGAGCAAAGGAAGAAAGG
GAGTCCGAGCAGAAGAAGAANGG,GAGTAAGTGCAGCAGAGGTAAGG
GAGTCCGAGCAGAAGAAGAANGG,GCCTCCCAGCTGAGAAAGAAAGG
GAGTCCGAGCAGAAGAAGAANGG,CAGTCCTGGCAGCAGGTGAAAGG
GAGTCCGAGCAGAAGAAGAANGG,GATTCTTTACAGCAGAAGAAGGG
GAGTCCGAGCAGAAGAAGAANGG,CAATCAAAGCAGAAGGTGAAAGG
GAGTCCGAGCAGAAGAAGAANGG,GGTGCCTACCAGAAGATGAAGGG
GAGTCCGAGCAGAAGAAGAANGG,GAGGGCAAGCAGAAGCAGGGTGG
GAGTCCGAGCAGAAGAAGAANGG,CAATCATAGCAGAAGGTGAAAGG
GAGTCCGAGCAGAAGAAGAANGG,GCATGTGAGCAAAAGAGGAAGGG
GAGTCCGAGCAGAAGAAGAANGG,AGGTCCGATCAGTAAAAAAATGG
GAGTCCGAGCAGAAGAAGAANGG,GAGTCTGGGGAGAAGGACAGTGG
GAGTCCGAGCAGAAGAAGAANGG,CAATCATAGCAGAAGGTGAAGGG
GAGTCCGAGCAGAAGAAGAANGG,GAGGGTGAGCAGAAGCAAGATGG
GAGTCCGAGCAGAAGAAGAANGG,GCTTCCAAGGTGAAGAACAACGG
GAGTCCGAGCAGAAGAAGAANGG,GTGTCAGAGCTAGAGAGGAAGGG
GAGTCCGAGCAGAAGAAGAANGG,GAGTTTGAGGATAAGGAGATGGG
GAGTCCGAGCAGAAGAAGAANGG,GAGCACGTGGAGAAAAGGAAAGG
GAGTCCGAGCAGAAGAAGAANGG,GCGACAGAGCAGAAGAAGAAGGG
GAGTCCGAGCAGAAGAAGAANGG,TAGGCAGAGAAGAAGTGGAAAGG
GAGTCCGAGCAGAAGAAGAANGG,CAGGGAGAGGAGAAGAAGGAGGG
GAGTCCGAGCAGAAGAAGAANGG,GAGGAAGAGATGGAGAAGAAAGG
GAGTCCGAGCAGAAGAAGAANGG,CAGTCATGGCAGAAGGTGAAAGG
GAGTCCGAGCAGAAGAAGAANGG,ATGTCCAAGCACTAGATGAAGGG
GAGTCCGAGCAGAAGAAGAANGG,AAGTCAGAGCTGAGAAAAAAAGG
GAGTCCGAGCAGAAGAAGAANGG,GATTCCAATCAGGATAAGACAGG
GAGTCCGAGCAGAAGAAGAANGG,TTATCCCGGCAGCAGAAGAATGG
GAGTCCGAGCAGAAGAAGAANGG,GTCTCCTTGCAGATGAAAAAAGG
GAGTCCGAGCAGAAGAAGAANGG,GGGTCAGAGAAGAAAACAAAAGG
GAGTCCGAGCAGAAGAAGAANGG,GAGGCTGTGCAGACAAAGATGGG
GAGTCCGAGCAGAAGAAGAANGG,CAGTCCCATAAGAAGCAGACAGG
GAGTCCGAGCAGAAGAAGAANGG,AAGGCAGAGGAGAGCAAGAATGG
GAGTCCGAGCAGAAGAAGAANGG,GTGTCCCAGCAGGAAAAGGATGG
GAGTCCGAGCAGAAGAAGAANGG,GGGTGGGAAAAGAACAAGAAAGG
GAGTCCGAGCAGAAGAAGAANGG,GTGACTGAACAGAAGTAAAAGGG
GAGTCCGAGCAGAAGAAGAANGG,GAGGCATGGCCCAAGAAGAAGGG
GAGTCCGAGCAGAAGAAGAANGG,GAGACTGAGCTGGAGAGAAAGGG
GAGTCCGAGCAGAAGAAGAANGG,ACTGATGAGCAGAAGAAGAAAGG
GAGTCCGAGCAGAAGAAGAANGG,GAGGAGGAGCAGGAGGAGGAGGG
GAGTCCGAGCAGAAGAAGAANGG,TGGTCCCACCAAAAGAATAAAGG
GAGTCCGAGCAGAAGAAGAANGG,GAGCCAGAAGAGAAAGAGAAGGG
GAGTCCGAGCAGAAGAAGAANGG,GAGGAGGAGAAAAAGGAGAAGGG
GAGTCCGAGCAGAAGAAGAANGG,GAGGAGGAGGAGGAGGAGAAGGG
GAGTCCGAGCAGAAGAAGAANGG,GAGGAGGAGGAGAAAGAGAAGGG
GAGTCCGAGCAGAAGAAGAANGG,GCGGCCGAGAAGAAGGACGAGGG
GAGTCCGAGCAGAAGAAGAANGG,GTGTCCAAGGGCAAGGAGAAGGG
GAGTCCGAGCAGAAGAAGAANGG,GACTGAGATCAGAAAAAGTAGGG
GAGTCCGAGCAGAAGAAGAANGG,GAGACCAAGAAAATGAAAAAGGG
GAGTCCGAGCAGAAGAAGAANGG,GATTCCAAGCATAAAAAAAACGG
GAGTCCGAGCAGAAGAAGAANGG,AAGGCCCAGCTGGAGAAGAGGGG
GAGTCCGAGCAGAAGAAGAANGG,GAGTTAGAGCAGATCAGAAAGGG
GAGTCCGAGCAGAAGAAGAANGG,GCCTCAGAGCAGATGAACCATGG
GAGTCCGAGCAGAAGAAGAANGG,GAGAAGAAGAAGAAGAAGAAGGG
GAGTCCGAGCAGAAGAAGAANGG,GCTTCCGAGGAGGAGAAGGAGGG
GAGTCCGAGCAGAAGAAGAANGG,GAGTCGCTGTAGAGGAAGAGAGG
GAGTCCGAGCAGAAGAAGAANGG,GGGTCAGAGAAGAAGCCGCATGG
GAGTCCGAGCAGAAGAAGAANGG,GGGACAGAGCAGGAGTAGTAGGG
GAGTCCGAGCAGAAGAAGAANGG,GAGGACGTGCTGAAGCAGGAAGG
GAGTCCGAGCAGAAGAAGAANGG,TGGTTTGAGGAGAAGACGAAGGG
GAGTCCGAGCAGAAGAAGAANGG,GAGCCCAAGCAGAGGAGGCGCGG
GAGTCCGAGCAGAAGAAGAANGG,GAGTTGAAGAAAAAGAAGAAAGG
GAGTCCGAGCAGAAGAAGAANGG,GAGAAAGTGCAGAAGAAAAAGGG
GAGTCCGAGCAGAAGAAGAANGG,GAGTCTGAGGGCATGAGGAAAGG
GAGTCCGAGCAGAAGAAGAANGG,AAGAAGAAGAAGAAGAAGAAAGG
GAGTCCGAGCAGAAGAAGAANGG,GGCTCCGAGCAGGGAGAGAACGG
GAGTCCGAGCAGAAGAAGAANGG,GAGTCTGAGCAGGACAGGGTGGG
GAGTCCGAGCAGAAGAAGAANGG,GAATATGAGAAGAGGAATAAAGG
GAGTCCGAGCAGAAGAAGAANGG,GTGTACAAGAAGAATAAGATAGG
GAGTCCGAGCAGAAGAAGAANGG,CAGTCCTAGAGGAAGAAAAAAGG
GAGTCCGAGCAGAAGAAGAANGG,GAGTCCTAAGAGAAATACAAAGG
GAGTCCGAGCAGAAGAAGAANGG,GAGACCTACCAGTGGAAGAAGGG
GAGTCCGAGCAGAAGAAGAANGG,GAGACCAATCAGCAGCAGAGGGG
GAGTCCGAGCAGAAGAAGAANGG,CAGTCCCAGATGAAGAAAAAAGG
GAGTCCGAGCAGAAGAAGAANGG,GAGGCCGAGCTGAGTAAGCAGGG
GAGTCCGAGCAGAAGAAGAANGG,AGGACCGAGCAGATGCAGAGAGG
GAGTCCGAGCAGAAGAAGAANGG,GTCACCGGGCAGAAAAAGAGAGG
GAGTCCGAGCAGAAGAAGAANGG,GTGTGGAAGCACAAGAAGGAAGG
GAGTCCGAGCAGAAGAAGAANGG,GGGTGCGAGGAAAAGGACAAAGG
GAGTCCGAGCAGAAGAAGAANGG,GAATCCGGGGAGAAGGCAAAGGG
GAGTCCGAGCAGAAGAAGAANGG,GAGTTCAAGGAGAGGAGAAAGGG
GAGTCCGAGCAGAAGAAGAANGG,TAGTCTTACCAGGATAAGAATGG
GAGTCCGAGCAGAAGAAGAANGG,GAATCCCTGAAGAAGTAGGATGG
GAGTCCGAGCAGAAGAAGAANGG,GAGGACCTGCAGAGGCAGAATGG
GAGTCCGAGCAGAAGAAGAANGG,GAGAAATAGCAGAAGGGGAAAGG
GAGTCCGAGCAGAAGAAGAANGG,GAGTTCTATGTGAAGTAGAATGG
GAGTCCGAGCAGAAGAAGAANGG,AAATCCTAGAAGAAGTAAAAAGG
GAGTCCGAGCAGAAGAAGAANGG,GATTCCAAGCAGCGGCAGATAGG
GAGTCCGAGCAGAAGAAGAANGG,AAGGTAGAGCAGGGGAAGAAGGG
GAGTCCGAGCAGAAGAAGAANGG,AAGACCCATAAGTAGAAGAAAGG
GAGTCCGAGCAGAAGAAGAANGG,GAGGCTGTGCTGAAAAAAAAAGG
GAGTCCGAGCAGAAGAAGAANGG,ATGTCCCAACCAAAGAAGAATGG
GAGTCCGAGCAGAAGAAGAANGG,GAGTGGGAGCTCATGAATAAAGG
GAGTCCGAGCAGAAGAAGAANGG,GAGGAGAAGGAGAAGAGGAAGGG
GAGTCCGAGCAGAAGAAGAANGG,AAGAAGAAGAAGAAGAAGAAGGG
GAGTCCGAGCAGAAGAAGAANGG,GAGGAGAAGAAGAAGAAGAAGGG
GAGTCCGAGCAGAAGAAGAANGG,GACTCAAAGCAGAATAACAAAGG
GAGTCCGAGCAGAAGAAGAANGG,AATTCTGTGGAGAAGTAGAATGG
GAGTCCGAGCAGAAGAAGAANGG,GAGGAGAAGAAGAAGAAGAATGG
GAGTCCGAGCAGAAGAAGAANGG,CAGGCCCAGCAAAAGGAGGAGGG
GAGTCCGAGCAGAAGAAGAANGG,GGGCCTGGCCAGAAGAGGAAGGG
GAGTCCGAGCAGAAGAAGAANGG,TACTCCTGGCAGAAGGTGAAGGG
GAGTCCGAGCAGAAGAAGAANGG,GAGTCCCAGCTCACTGAGAATGG
GAGTCCGAGCAGAAGAAGAANGG,GAGTCTGAGGAGATGAGGGTAGG
GAGTCCGAGCAGAAGAAGAANGG,GAGGCCAAGGACAGGAAGGATGG
GAGTCCGAGCAGAAGAAGAANGG,GAGACAGAGGAGAAGAGGGAGGG
GAGTCCGAGCAGAAGAAGAANGG,CAGTAGGAGCTGAAGTAGGAGGG
GAGTCCGAGCAGAAGAAGAANGG,GAGTCTGAGCTCCAGATGAATGG
GAGTCCGAGCAGAAGAAGAANGG,CAATCATGGCAGAAGATGAAAGG
GAGTCCGAGCAGAAGAAGAANGG,CAGAACTTGGAGAAGAAGAAAGG
GAGTCCGAGCAGAAGAAGAANGG,GAGAGAGAGGAAAAGACGAAAGG
GAGTCCGAGCAGAAGAAGAANGG,GAGCCAGAGCAGATGCTGGAGGG
GAGTCCGAGCAGAAGAAGAANGG,GAGATTGAGAAGAGGAAGCAAGG
GAGTCCGAGCAGAAGAAGAANGG,TAAACTGAGCAGAACAAAAATGG
GAGTCCGAGCAGAAGAAGAANGG,GAGACTGTGCATGAGAAGAAAGG
GAGTCCGAGCAGAAGAAGAANGG,AAATACTCTCAGAAGAAGAATGG
GAGTCCGAGCAGAAGAAGAANGG,GAATCGAATAAGCAGAAGAAAGG
GAGTCCGAGCAGAAGAAGAANGG,GAGACGGAGCAGGAAAAATAAGG
GAGTCCGAGCAGAAGAAGAANGG,GAATGGTAGCAGAGAAAGAAGGG
GAGTCCGAGCAGAAGAAGAANGG,TAGAACAAGCTGAAGAAAAATGG
GAGTCCGAGCAGAAGAAGAANGG,GAGATCAAGCAGGATAAAAAGGG
GAGTCCGAGCAGAAGAAGAANGG,GAGACTTCGGAGAAGAAGGAAGG
GAGTCCGAGCAGAAGAAGAANGG,TATTACTGGCAGAAGAACAAAGG
GAGTCCGAGCAGAAGAAGAANGG,GAGGGCGAGCAGAAGCAGGGTGG
GAGTCCGAGCAGAAGAAGAANGG,GAAACCTGGCAGAAGATGATTGG
GAGTCCGAGCAGAAGAAGAANGG,GAGTGCATGGAGAAGAATACTGG
GAGTCCGAGCAGAAGAAGAANGG,GTGTCCTTGTAGAAAAACAAAGG
GAGTCCGAGCAGAAGAAGAANGG,CAATCATGGCAGAAGATGAAGGG
GAGTCCGAGCAGAAGAAGAANGG,CAGTCATGGCAGAAGGTGAAGGG
GAGTCCGAGCAGAAGAAGAANGG,GGCTCAAAGGATAAGAAGAATGG
GAGTCCGAGCAGAAGAAGAANGG,CAGCCCAAGCTGAATAAGGAAGG
GAGTCCGAGCAGAAGAAGAANGG,GAGGAGGAGAAGAAGATGGAAGG
GAGTCCGAGCAGAAGAAGAANGG,AAAACTGAAAAGAAGAAGAAGGG
GAGTCCGAGCAGAAGAAGAANGG,TAGTCAGAGAAAATGAAGACGGG
GAGTCCGAGCAGAAGAAGAANGG,CAGTCCAAGTAAAAGCAAAAAGG
GAGTCCGAGCAGAAGAAGAANGG,GAGGGGAAGCAAAATAAGAAAGG
GAGTCCGAGCAGAAGAAGAANGG,GAGGAGGAAGAGAAGGAGAAAGG
GAGTCCGAGCAGAAGAAGAANGG,GAGTCAGAGAAAAATAAAACAGG
GAGTCCGAGCAGAAGAAGAANGG,CATTCCAAGCAAAACAATAAGGG
GAGTCCGAGCAGAAGAAGAANGG,GAGGGTGAGCTGAAGCAGAGTGG
GAGTCCGAGCAGAAGAAGAANGG,AAGTCTGATCACAGGGAGAAGGG
GAGTCCGAGCAGAAGAAGAANGG,AAGTGGGGGAAGAAGGAGAAGGG
GAGTCCGAGCAGAAGAAGAANGG,GATGCCGAGCCGAAGCTGGATGG
GAGTCCGAGCAGAAGAAGAANGG,GTGTCAAATCAGAGGAAAAAGGG
GAGTCCGAGCAGAAGAAGAANGG,GATTCTGATGAGAAGAACCAGGG
GAGTCCGAGCAGAAGAAGAANGG,GAGGCAGAGAAGAGGGAAAATGG
GAGTCCGAGCAGAAGAAGAANGG,AAATCTGAGCAAAACAAAAAAGG
GAGTCCGAGCAGAAGAAGAANGG,GAGGAGGAGGAGGAGAAGAAGGG
GAGTCCGAGCAGAAGAAGAANGG,GAGTTCCATCTCAAAAAGAAAGG
GAGTCCGAGCAGAAGAAGAANGG,GAATCAGAGAGGAAGCAGAGTGG
GAGTCCGAGCAGAAGAAGAANGG,GACTCATAGCAGACAATGAAAGG
GAGTCCGAGCAGAAGAAGAANGG,GAGTCAGAGAGGAAGAGAATGGG
GAGTCCGAGCAGAAGAAGAANGG,GAGTTTGAGCAGCTGAAGGAAGG
GAGTCCGAGCAGAAGAAGAANGG,GGGAACTAGCTGAAGAAGTAGGG
GAGTCCGAGCAGAAGAAGAANGG,GAGGGCAAGCAGAAGCAGGGTGG
GAGTCCGAGCAGAAGAAGAANGG,CAGTGCTGGTAGAAGTAGAAAGG
GAGTCCGAGCAGAAGAAGAANGG,GCCACCGTGAAAAAGAAGAAAGG
GAGTCCGAGCAGAAGAAGAANGG,GAGGGTGAGCAGAAGCAGGATGG
GAGTCCGAGCAGAAGAAGAANGG,TAATCTCAGGAGATGAAGAAGGG
GAGTCCGAGCAGAAGAAGAANGG,GATTTCTAGAATGAGAAGAAAGG
GAGTCCGAGCAGAAGAAGAANGG,TACTCATGGCAGAAGGAGAAGGG
GAGTCCGAGCAGAAGAAGAANGG,AAGTCCCAGCTGACGGAGAAGGG
GAGTCCGAGCAGAAGAAGAANGG,GAGTCTAAGGAGCTGAATAAAGG
GAGTCCGAGCAGAAGAAGAANGG,CAGTCAGACTAGAGGAAGATAGG
GAGTCCGAGCAGAAGAAGAANGG,TAGTTGGAGCTGCAGAAGAGAGG
GAGTCCGAGCAGAAGAAGAANGG,GACCCCATGCAGAGGAAGAGGGG
GAGTCCGAGCAGAAGAAGAANGG,GAGTTCTGCCAGAAGAAAAAGGG
GAGTCCGAGCAGAAGAAGAANGG,AGGACCCAGCGGAGGAAGAATGG
GAGTCCGAGCAGAAGAAGAANGG,GAGCCCAGAGAGAAGAAAAAAGG
GAGTCCGAGCAGAAGAAGAANGG,AGGTCCCTACTGAAGAAGAAAGG
GAGTCCGAGCAGAAGAAGAANGG,GTGTCTGTGAAGATGAAGAAGGG
GAGTCCGAGCAGAAGAAGAANGG,CAGTCATGGCAGAAGGTGAAGGG
GAGTCCGAGCAGAAGAAGAANGG,GAGTCCTAGGGGCAGAGGGAAGG
GAGTCCGAGCAGAAGAAGAANGG,GACTCTGAGGACAGGAGGAAAGG
GAGTCCGAGCAGAAGAAGAANGG,GAGGCAGAGAAGAAGCACCAGGG
GAGTCCGAGCAGAAGAAGAANGG,GAGTCAGAGTGTAAGAAAATGGG
GAGTCCGAGCAGAAGAAGAANGG,AGATGGGGGCAGAAGAAGAAGGG
GAGTCCGAGCAGAAGAAGAANGG,CACTCAGAGCAAAAGCTGAAGGG
GAGTCCGAGCAGAAGAAGAANGG,AAAGCTGAGCAGAATAAGAGAGG
GAGTCCGAGCAGAAGAAGAANGG,CAGTTGGAGCATCAGAAGAAAGG
GAGTCCGAGCAGAAGAAGAANGG,CAGCCCCAGAAGAGCAAGAAAGG
GAGTCCGAGCAGAAGAAGAANGG,GAGAGCGAGATGAAGGAGTAGGG
GAGTCCGAGCAGAAGAAGAANGG,GAGGGTGAGCCCAAGGAGAAGGG
GAGTCCGAGCAGAAGAAGAANGG,GAGTCCTGGCTGAAGAATTACGG
GAGTCCGAGCAGAAGAAGAANGG,GAGGCCGAGCAGCCATTGAAGGG
GAGTCCGAGCAGAAGAAGAANGG,CAGTCCCAGCCAAATAAGGAAGG
GAGTCCGAGCAGAAGAAGAANGG,TAGGCCATGAAGAAGAAGCAAGG
GAGTCCGAGCAGAAGAAGAANGG,GAGTCCGAGCCTGAGAGGTGGGG
GAGTCCGAGCAGAAGAAGAANGG,GAGTCCCAGCTCAGGGAGAAGGG
GAGTCCGAGCAGAAGAAGAANGG,GAGGGCAAGCAGAAGCAGGGTGG
GAGTCCGAGCAGAAGAAGAANGG,GACTGGGAGGAGAAGATGGACGG
GAGTCCGAGCAGAAGAAGAANGG,AAGTCCTGGCAGAAGCTTAAAGG
GAGTCCGAGCAGAAGAAGAANGG,GGGTCCCAGCACACATAGAAGGG
GAGTCCGAGCAGAAGAAGAANGG,TATTTGGAGCCAAAGAAGAAAGG
GAGTCCGAGCAGAAGAAGAANGG,AAGTCCCTGTGGAAGAAGAGAGG
GAGTCCGAGCAGAAGAAGAANGG,GAGACTCAGAAGGAGAAGGATGG
GAGTCCGAGCAGAAGAAGAANGG,GAAAAGGAGGAGAAAAAGAAGGG
GAGTCCGAGCAGAAGAAGAANGG,GAGAAAGACCAGTTGAAGAAGGG
GAGTCCGAGCAGAAGAAGAANGG,CACTACGAGAAGAAAGAGAAAGG
GAGTCCGAGCAGAAGAAGAANGG,GCGGCCGCGCAGAAGCAGGCAGG
GAGTCCGAGCAGAAGAAGAANGG,GATTTAGGTCAGAAGAAAAATGG
GAGTCCGAGCAGAAGAAGAANGG,GTGTGTGAGAAGGAGAAGGAGGG
GAGTCCGAGCAGAAGAAGAANGG,GATTCCCAGTAGGAGTAGAGGGG
GAGTCCGAGCAGAAGAAGAANGG,GAGCAGGCGCAGGAGAATAAAGG
GAGTCCGAGCAGAAGAAGAANGG,GAACCGGAGGAGGAGAAGGAAGG
GAGTCCGAGCAGAAGAAGAANGG,AAGTCCATGGAGATGAAGAAAGG
GAGTCCGAGCAGAAGAAGAANGG,GAGACCAAGAAGGAAGAGAAAGG
GAGTCCGAGCAGAAGAAGAANGG,GAGTCAGAGCCACAGCAGCAGGG
GAGTCCGAGCAGAAGAAGAANGG,GAGAACGAGGAGATGACGTAAGG
GAGTCCGAGCAGAAGAAGAANGG,CAGTGCGAGAAGCTGATGAATGG
GAGTCCGAGCAGAAGAAGAANGG,CAGTCATGGCAGAAGGTGAAGGG
GAGTCCGAGCAGAAGAAGAANGG,GAATGCCAGGAGATGAAGCAAGG
GAGTCCGAGCAGAAGAAGAANGG,AACTCCTAGAAAAAAAAGAAAGG
GAGTCCGAGCAGAAGAAGAANGG,CAGCCCAAGCAGATGAATACAGG
GAGTCCGAGCAGAAGAAGAANGG,AAGAAGAAGAAGAAGAAGAAGGG
GAGTCCGAGCAGAAGAAGAANGG,GCATCTGAGCAGAGGACAAAAGG
GAGTCCGAGCAGAAGAAGAANGG,GAGTCTGAGAGGAGGGGGAATGG
GAGTCCGAGCAGAAGAAGAANGG,GAGTGCATGGAGAGGGAGAAGGG
GAGTCCGAGCAGAAGAAGAANGG,GCAGTCGTGCAGAAGAGGAAGGG
GAGTCCGAGCAGAAGAAGAANGG,TAGACTGAGCAGGAGAGGAGGGG
GAGTCCGAGCAGAAGAAGAANGG,CAATACGAGAAGACGAAGATGGG
GAGTCCGAGCAGAAGAAGAANGG,CTGTCCTAGAAGATGAGGAAAGG
GAGTCCGAGCAGAAGAAGAANGG,GAATAAGGGCAGTAAAAGAATGG
GAGTCCGAGCAGAAGAAGAANGG,GAGAAAGAAGAGAAGAAAAAAGG
GAGTCCGAGCAGAAGAAGAANGG,GACTCCGCTGTGAAGAAGGATGG
GAGTCCGAGCAGAAGAAGAANGG,GAGAACTAGGAGAAGGAGAAAGG
GAGTCCGAGCAGAAGAAGAANGG,GAGGGAGAAGAGAAGGAGAAAGG
GAGTCCGAGCAGAAGAAGAANGG,GAGGCGGAGGAGGAGGAGGAGGG
GAGTCCGAGCAGAAGAAGAANGG,AAGTGCAAGAACGAGAAGAATGG
GAGTCCGAGCAGAAGAAGAANGG,GGGTCAGTTCAGAAGCAGAAAGG
GAGTCCGAGCAGAAGAAGAANGG,AAATCTGAACAGTATAAGAAGGG
GAGTCCGAGCAGAAGAAGAANGG,GAGTGCAGGCATGAGAAGATGGG
GAGTCCGAGCAGAAGAAGAANGG,GGGCACCCGAAGAAGAAGAAAGG
GAGTCCGAGCAGAAGAAGAANGG,GAGTTCCAGCAGAAAAGAAGAGG
GAGTCCGAGCAGAAGAAGAANGG,GAGTGTGAGCCGAAGCAGTGTGG
GAGTCCGAGCAGAAGAAGAANGG,GAGTCGGCCCAAAATATGAAAGG
GAGTCCGAGCAGAAGAAGAANGG,AAGTCTGTACACAAGAAGGAAGG
GAGTCCGAGCAGAAGAAGAANGG,AAGAAGGAGCAGAAGCAGGAAGG
GAGTCCGAGCAGAAGAAGAANGG,GAGAGAGAGAAGAAGAAGAGAGG
GAGTCCGAGCAGAAGAAGAANGG,TTGTCACTGCAGAAGAAAAAGGG
GAGTCCGAGCAGAAGAAGAANGG,GAGGTCGTGTAAAAGAAGAAAGG
GAGTCCGAGCAGAAGAAGAANGG,GAAATAGAGGAGAAAAAGAATGG
GAGTCCGAGCAGAAGAAGAANGG,AAGGCAGAGCAGAGGAAGAGAGG
GAGTCCGAGCAGAAGAAGAANGG,GAGAGAGAGTAGAAGGAGATGGG
GAGTCCGAGCAGAAGAAGAANGG,GTGACAAAGTAGAAGAAGGAAGG
GAGTCCGAGCAGAAGAAGAANGG,GATGCAGTGCAGAAGCAGGAAGG
GAGTCCGAGCAGAAGAAGAANGG,GACAAAGAGAACAAGAAGAAAGG
GAGTCCGAGCAGAAGAAGAANGG,AAGTATGACCAGAAAAAAAAAGG
GAGTCCGAGCAGAAGAAGAANGG,GAGTTCCAGGAGAAAATGGATGG
GAGTCCGAGCAGAAGAAGAANGG,AATTCCAAGCACAAGAAACATGG
GAGTCCGAGCAGAAGAAGAANGG,GACACCGAGTTGTAGAAGGAAGG
GAGTCCGAGCAGAAGAAGAANGG,GATGCCGAGCTGAAGCTGGACGG
GAGTCCGAGCAGAAGAAGAANGG,TTGGCAGATCATAAGAAGAAGGG
GAGTCCGAGCAGAAGAAGAANGG,GAGTGAGAAGAAAGGAAGAAAGG
GAGTCCGAGCAGAAGAAGAANGG,GAGCACGAGCTGAAGCAGGGTGG
GAGTCCGAGCAGAAGAAGAANGG,GAGTTCAAGCTGAAGACATAAGG
GAGTCCGAGCAGAAGAAGAANGG,AAGTTGGAGCAGAAGGAAATAGG
GAGTCCGAGCAGAAGAAGAANGG,GAGCAGGTAAAGAAGAAGAAAGG
GAGTCCGAGCAGAAGAAGAANGG,AAGTCCCATGAGAAGAGAAATGG
GAGTCCGAGCAGAAGAAGAANGG,GAGGGTGAGCAGAAGCAGGGTGG
